<?xml version="1.0" encoding="UTF-8" ?>
<!-- This is a WordPress eXtended RSS file generated by WordPress as an export of your site. -->
<!-- It contains information about your site's posts, pages, comments, categories, and other content. -->
<!-- You may use this file to transfer that content from one site to another. -->
<!-- This file is not intended to serve as a complete backup of your site. -->

<!-- To import this information into a WordPress site follow these steps: -->
<!-- 1. Log in to that site as an administrator. -->
<!-- 2. Go to Tools: Import in the WordPress admin panel. -->
<!-- 3. Install the "WordPress" importer from the list. -->
<!-- 4. Activate & Run Importer. -->
<!-- 5. Upload this file using the form provided on that page. -->
<!-- 6. You will first be asked to map the authors in this export file to users -->
<!--    on the site. For each author, you may choose to map to an -->
<!--    existing user on the site or to create a new user. -->
<!-- 7. WordPress will then import each of the posts, pages, comments, categories, etc. -->
<!--    contained in this file into your site. -->

<!-- generator="WordPress/4.1.1" created="2015-03-19 02:58" -->
<rss version="2.0"
	xmlns:excerpt="http://wordpress.org/export/1.2/excerpt/"
	xmlns:content="http://purl.org/rss/1.0/modules/content/"
	xmlns:wfw="http://wellformedweb.org/CommentAPI/"
	xmlns:dc="http://purl.org/dc/elements/1.1/"
	xmlns:wp="http://wordpress.org/export/1.2/"
>

<channel>
	<title>GamePlan - Responsive Wordpress Theme</title>
	<link>http://demo.cactusthemes.com/gpdark</link>
	<description>Just another WordPress site</description>
	<pubDate>Thu, 19 Mar 2015 02:58:14 +0000</pubDate>
	<language>en-US</language>
	<wp:wxr_version>1.2</wp:wxr_version>
	<wp:base_site_url>http://demo.cactusthemes.com/gpdark</wp:base_site_url>
	<wp:base_blog_url>http://demo.cactusthemes.com/gpdark</wp:base_blog_url>

	<wp:author><wp:author_id>2</wp:author_id><wp:author_login>vantrimaster</wp:author_login><wp:author_email>tri.nv@goimon.vn</wp:author_email><wp:author_display_name><![CDATA[Tony Brosnan]]></wp:author_display_name><wp:author_first_name><![CDATA[Tri]]></wp:author_first_name><wp:author_last_name><![CDATA[Nguyen]]></wp:author_last_name></wp:author>
	<wp:author><wp:author_id>9</wp:author_id><wp:author_login>cactusthemes</wp:author_login><wp:author_email>admin@cactusthemes.com</wp:author_email><wp:author_display_name><![CDATA[cactusthemes]]></wp:author_display_name><wp:author_first_name><![CDATA[Ha]]></wp:author_first_name><wp:author_last_name><![CDATA[Doan]]></wp:author_last_name></wp:author>


	<generator>http://wordpress.org/?v=4.1.1</generator>

	<item>
		<title>Get Healthy Everyday</title>
		<link>http://demo.cactusthemes.com/gpdark/lorem-ipsum-dolor-sit-amet/</link>
		<pubDate>Sat, 03 Aug 2013 07:09:05 +0000</pubDate>
		<dc:creator><![CDATA[vantrimaster]]></dc:creator>
		<guid isPermaLink="false">http://demo.cactusthemes.com/gameplan/?p=1673</guid>
		<description></description>
		<content:encoded><![CDATA[<a href="http://demo.cactusthemes.com/gameplan/wp-content/uploads/2013/07/Event-4-Fitness-man.jpg"><img class="alignnone size-full wp-image-3097" alt="Event 4-Fitness-man" src="http://demo.cactusthemes.com/gameplan/wp-content/uploads/2013/07/Event-4-Fitness-man.jpg" width="1260" height="900" /></a>

Sed ut perspiciatis unde omnis iste natus error sit voluptatem accusantium doloremque laudantium, totam rem aperiam, eaque ipsa quae ab illo inventore veritatis et quasi architecto beatae vitae dicta sunt explicabo.

Nemo enim ipsam voluptatem quia voluptas sit aspernatur aut odit aut fugit, sed quia consequuntur magni dolores eos qui ratione voluptatem sequi nesciunt. Neque porro quisquam est, qui dolorem ipsum quia dolor sit amet, consectetur, adipisci velit, sed quia non numquam eius modi tempora incidunt ut labore et dolore magnam aliquam quaerat voluptatem. Ut enim ad minima veniam, quis nostrum exercitationem ullam corporis suscipit laboriosam, nisi ut aliquid ex ea commodi consequatur? Quis autem vel eum iure reprehenderit qui in ea voluptate velit esse quam nihil molestiae consequatur, vel illum qui dolorem eum fugiat quo voluptas nulla pariatur?]]></content:encoded>
		<excerpt:encoded><![CDATA[Placeat facere possimus, omnis voluptas assumenda est, omnis dolor repellendus cum soluta nobis est nam libero tempore, cum soluta nobis est eligendi optio cumque nihil impedit quo minus id quod maxime.]]></excerpt:encoded>
		<wp:post_id>1673</wp:post_id>
		<wp:post_date>2013-08-03 07:09:05</wp:post_date>
		<wp:post_date_gmt>2013-08-03 07:09:05</wp:post_date_gmt>
		<wp:comment_status>open</wp:comment_status>
		<wp:ping_status>open</wp:ping_status>
		<wp:post_name>lorem-ipsum-dolor-sit-amet</wp:post_name>
		<wp:status>publish</wp:status>
		<wp:post_parent>0</wp:post_parent>
		<wp:menu_order>0</wp:menu_order>
		<wp:post_type>post</wp:post_type>
		<wp:post_password></wp:post_password>
		<wp:is_sticky>0</wp:is_sticky>
		<category domain="category" nicename="gym"><![CDATA[GYM]]></category>
		<category domain="category" nicename="high-speed"><![CDATA[High speed]]></category>
		<category domain="category" nicename="uncategorized"><![CDATA[Sport]]></category>
		<category domain="post_tag" nicename="sport-games"><![CDATA[Sport Games]]></category>
		<category domain="category" nicename="training"><![CDATA[Training]]></category>
		<category domain="post_tag" nicename="training-courses"><![CDATA[Training Courses]]></category>
		<wp:postmeta>
			<wp:meta_key>venue</wp:meta_key>
			<wp:meta_value><![CDATA[]]></wp:meta_value>
		</wp:postmeta>
		<wp:postmeta>
			<wp:meta_key>start_day</wp:meta_key>
			<wp:meta_value><![CDATA[]]></wp:meta_value>
		</wp:postmeta>
		<wp:postmeta>
			<wp:meta_key>end_day</wp:meta_key>
			<wp:meta_value><![CDATA[]]></wp:meta_value>
		</wp:postmeta>
		<wp:postmeta>
			<wp:meta_key>_edit_last</wp:meta_key>
			<wp:meta_value><![CDATA[2]]></wp:meta_value>
		</wp:postmeta>
		<wp:postmeta>
			<wp:meta_key>google_shortcode</wp:meta_key>
			<wp:meta_value><![CDATA[]]></wp:meta_value>
		</wp:postmeta>
		<wp:postmeta>
			<wp:meta_key>_thumbnail_id</wp:meta_key>
			<wp:meta_value><![CDATA[3097]]></wp:meta_value>
		</wp:postmeta>
		<wp:postmeta>
			<wp:meta_key>_wpb_vc_js_status</wp:meta_key>
			<wp:meta_value><![CDATA[false]]></wp:meta_value>
		</wp:postmeta>
		<wp:postmeta>
			<wp:meta_key>_wpb_vc_js_interface_version</wp:meta_key>
			<wp:meta_value><![CDATA[]]></wp:meta_value>
		</wp:postmeta>
		<wp:postmeta>
			<wp:meta_key>background</wp:meta_key>
			<wp:meta_value><![CDATA[a:5:{s:16:"background-color";s:0:"";s:17:"background-repeat";s:0:"";s:21:"background-attachment";s:0:"";s:19:"background-position";s:0:"";s:16:"background-image";s:0:"";}]]></wp:meta_value>
		</wp:postmeta>
		<wp:postmeta>
			<wp:meta_key>show_hide_social</wp:meta_key>
			<wp:meta_value><![CDATA[def]]></wp:meta_value>
		</wp:postmeta>
		<wp:postmeta>
			<wp:meta_key>single_post_layout</wp:meta_key>
			<wp:meta_value><![CDATA[left]]></wp:meta_value>
		</wp:postmeta>
	</item>
	<item>
		<title>Body Building Tips</title>
		<link>http://demo.cactusthemes.com/gpdark/lorem-ipsum-dolor/</link>
		<pubDate>Mon, 12 Aug 2013 07:18:53 +0000</pubDate>
		<dc:creator><![CDATA[vantrimaster]]></dc:creator>
		<guid isPermaLink="false">http://demo.cactusthemes.com/gameplan/?p=1705</guid>
		<description></description>
		<content:encoded><![CDATA[<a href="http://demo.cactusthemes.com/gameplan/wp-content/uploads/2013/07/Event-7-body-building-man.jpg"><img class="alignnone size-full wp-image-3094" alt="Event 7-body-building-man" src="http://demo.cactusthemes.com/gameplan/wp-content/uploads/2013/07/Event-7-body-building-man.jpg" width="1260" height="900" /></a>

Lorem ipsum dolor sit amet, consectetur adipisicing elit, sed do eiusmod tempor incididunt ut labore et dolore magna aliqua. Ut enim ad minim veniam, quis nostrud exercitation ullamco laboris nisi ut aliquip ex ea commodo consequat. Duis aute irure dolor in reprehenderit in voluptate velit esse cillum dolore eu fugiat nulla pariatur. Excepteur sint occaecat cupidatat non proident, sunt in culpa qui officia deserunt mollit anim id est laborum.

Sed ut perspiciatis unde omnis iste natus error sit voluptatem accusantium doloremque laudantium, totam rem aperiam, eaque ipsa quae ab illo inventore veritatis et quasi architecto beatae vitae dicta sunt explicabo. Nemo enim ipsam voluptatem quia voluptas sit aspernatur aut odit aut fugit, sed quia consequuntur magni dolores eos qui ratione voluptatem sequi nesciunt.]]></content:encoded>
		<excerpt:encoded><![CDATA[Nam libero tempore, cum soluta nobis est eligendi optio cumque nihil impedit quo minus id quod maxime placeat facere possimus, omnis voluptas assumenda est, omnis dolor repellendus cum soluta nobis est.]]></excerpt:encoded>
		<wp:post_id>1705</wp:post_id>
		<wp:post_date>2013-08-12 07:18:53</wp:post_date>
		<wp:post_date_gmt>2013-08-12 07:18:53</wp:post_date_gmt>
		<wp:comment_status>open</wp:comment_status>
		<wp:ping_status>open</wp:ping_status>
		<wp:post_name>lorem-ipsum-dolor</wp:post_name>
		<wp:status>publish</wp:status>
		<wp:post_parent>0</wp:post_parent>
		<wp:menu_order>0</wp:menu_order>
		<wp:post_type>post</wp:post_type>
		<wp:post_password></wp:post_password>
		<wp:is_sticky>0</wp:is_sticky>
		<category domain="category" nicename="gym"><![CDATA[GYM]]></category>
		<category domain="category" nicename="luxury"><![CDATA[Luxury]]></category>
		<category domain="category" nicename="uncategorized"><![CDATA[Sport]]></category>
		<category domain="post_tag" nicename="sport-games"><![CDATA[Sport Games]]></category>
		<category domain="post_tag" nicename="trip-planner"><![CDATA[Trip Planner]]></category>
		<wp:postmeta>
			<wp:meta_key>_thumbnail_id</wp:meta_key>
			<wp:meta_value><![CDATA[3094]]></wp:meta_value>
		</wp:postmeta>
		<wp:postmeta>
			<wp:meta_key>venue</wp:meta_key>
			<wp:meta_value><![CDATA[]]></wp:meta_value>
		</wp:postmeta>
		<wp:postmeta>
			<wp:meta_key>start_day</wp:meta_key>
			<wp:meta_value><![CDATA[]]></wp:meta_value>
		</wp:postmeta>
		<wp:postmeta>
			<wp:meta_key>end_day</wp:meta_key>
			<wp:meta_value><![CDATA[]]></wp:meta_value>
		</wp:postmeta>
		<wp:postmeta>
			<wp:meta_key>_edit_last</wp:meta_key>
			<wp:meta_value><![CDATA[2]]></wp:meta_value>
		</wp:postmeta>
		<wp:postmeta>
			<wp:meta_key>google_shortcode</wp:meta_key>
			<wp:meta_value><![CDATA[]]></wp:meta_value>
		</wp:postmeta>
		<wp:postmeta>
			<wp:meta_key>_wpb_vc_js_status</wp:meta_key>
			<wp:meta_value><![CDATA[false]]></wp:meta_value>
		</wp:postmeta>
		<wp:postmeta>
			<wp:meta_key>_wpb_vc_js_interface_version</wp:meta_key>
			<wp:meta_value><![CDATA[]]></wp:meta_value>
		</wp:postmeta>
		<wp:postmeta>
			<wp:meta_key>background</wp:meta_key>
			<wp:meta_value><![CDATA[a:5:{s:16:"background-color";s:0:"";s:17:"background-repeat";s:0:"";s:21:"background-attachment";s:0:"";s:19:"background-position";s:0:"";s:16:"background-image";s:0:"";}]]></wp:meta_value>
		</wp:postmeta>
		<wp:postmeta>
			<wp:meta_key>show_hide_social</wp:meta_key>
			<wp:meta_value><![CDATA[def]]></wp:meta_value>
		</wp:postmeta>
		<wp:postmeta>
			<wp:meta_key>single_post_layout</wp:meta_key>
			<wp:meta_value><![CDATA[full]]></wp:meta_value>
		</wp:postmeta>
	</item>
	<item>
		<title>Excepteur Sint Occaecat</title>
		<link>http://demo.cactusthemes.com/gpdark/excepteur-sint-occaecat/</link>
		<pubDate>Mon, 12 Aug 2013 07:22:00 +0000</pubDate>
		<dc:creator><![CDATA[vantrimaster]]></dc:creator>
		<guid isPermaLink="false">http://demo.cactusthemes.com/gameplan/?p=1709</guid>
		<description></description>
		<content:encoded><![CDATA[At vero eos et accusamus et iusto odio dignissimos ducimus qui blanditiis praesentium voluptatum deleniti atque corrupti quos dolores et quas molestias excepturi sint occaecati cupiditate non provident, similique sunt in culpa qui officia deserunt mollitia animi, id est laborum et dolorum fuga. Et harum quidem rerum facilis est et expedita distinctio.

Nam libero tempore, cum soluta nobis est eligendi optio cumque nihil impedit quo minus id quod maxime placeat facere possimus, omnis voluptas assumenda est, omnis dolor repellendus. Temporibus autem quibusdam et aut officiis debitis aut rerum necessitatibus saepe eveniet ut et voluptates repudiandae sint et molestiae non recusandae. Itaque earum rerum hic tenetur a sapiente delectus, ut aut reiciendis voluptatibus maiores alias consequatur aut perferendis doloribus asperiores repellat.]]></content:encoded>
		<excerpt:encoded><![CDATA[Nam libero tempore, cum soluta nobis est eligendi optio cumque nihil impedit quo minus id quod maxime placeat facere possimus, omnis voluptas assumenda est, omnis dolor repellendus cum soluta nobis est.]]></excerpt:encoded>
		<wp:post_id>1709</wp:post_id>
		<wp:post_date>2013-08-12 07:22:00</wp:post_date>
		<wp:post_date_gmt>2013-08-12 07:22:00</wp:post_date_gmt>
		<wp:comment_status>open</wp:comment_status>
		<wp:ping_status>open</wp:ping_status>
		<wp:post_name>excepteur-sint-occaecat</wp:post_name>
		<wp:status>publish</wp:status>
		<wp:post_parent>0</wp:post_parent>
		<wp:menu_order>0</wp:menu_order>
		<wp:post_type>post</wp:post_type>
		<wp:post_password></wp:post_password>
		<wp:is_sticky>0</wp:is_sticky>
		<category domain="category" nicename="football"><![CDATA[Football]]></category>
		<category domain="category" nicename="uncategorized"><![CDATA[Sport]]></category>
		<category domain="post_tag" nicename="sport-games"><![CDATA[Sport Games]]></category>
		<category domain="category" nicename="training"><![CDATA[Training]]></category>
		<category domain="post_tag" nicename="trip-planner"><![CDATA[Trip Planner]]></category>
		<wp:postmeta>
			<wp:meta_key>start_day</wp:meta_key>
			<wp:meta_value><![CDATA[]]></wp:meta_value>
		</wp:postmeta>
		<wp:postmeta>
			<wp:meta_key>venue</wp:meta_key>
			<wp:meta_value><![CDATA[]]></wp:meta_value>
		</wp:postmeta>
		<wp:postmeta>
			<wp:meta_key>end_day</wp:meta_key>
			<wp:meta_value><![CDATA[]]></wp:meta_value>
		</wp:postmeta>
		<wp:postmeta>
			<wp:meta_key>_edit_last</wp:meta_key>
			<wp:meta_value><![CDATA[2]]></wp:meta_value>
		</wp:postmeta>
		<wp:postmeta>
			<wp:meta_key>_thumbnail_id</wp:meta_key>
			<wp:meta_value><![CDATA[3098]]></wp:meta_value>
		</wp:postmeta>
		<wp:postmeta>
			<wp:meta_key>google_shortcode</wp:meta_key>
			<wp:meta_value><![CDATA[]]></wp:meta_value>
		</wp:postmeta>
		<wp:postmeta>
			<wp:meta_key>_wpb_vc_js_status</wp:meta_key>
			<wp:meta_value><![CDATA[false]]></wp:meta_value>
		</wp:postmeta>
		<wp:postmeta>
			<wp:meta_key>_wpb_vc_js_interface_version</wp:meta_key>
			<wp:meta_value><![CDATA[]]></wp:meta_value>
		</wp:postmeta>
		<wp:postmeta>
			<wp:meta_key>background</wp:meta_key>
			<wp:meta_value><![CDATA[a:5:{s:16:"background-color";s:0:"";s:17:"background-repeat";s:0:"";s:21:"background-attachment";s:0:"";s:19:"background-position";s:0:"";s:16:"background-image";s:0:"";}]]></wp:meta_value>
		</wp:postmeta>
		<wp:postmeta>
			<wp:meta_key>show_hide_social</wp:meta_key>
			<wp:meta_value><![CDATA[def]]></wp:meta_value>
		</wp:postmeta>
		<wp:postmeta>
			<wp:meta_key>single_post_layout</wp:meta_key>
			<wp:meta_value><![CDATA[def]]></wp:meta_value>
		</wp:postmeta>
	</item>
	<item>
		<title>Temporibus Autem</title>
		<link>http://demo.cactusthemes.com/gpdark/temporibus-autem-quibusdam/</link>
		<pubDate>Mon, 12 Aug 2013 07:24:38 +0000</pubDate>
		<dc:creator><![CDATA[vantrimaster]]></dc:creator>
		<guid isPermaLink="false">http://demo.cactusthemes.com/gameplan/?p=1714</guid>
		<description></description>
		<content:encoded><![CDATA[https://soundcloud.com/nem0o0o/paul-mauriat-anonimo-veneciano

Duis aute irure dolor in reprehenderit in voluptate velit esse cillum dolore eu fugiat nulla pariatur. Excepteur sint occaecat cupidatat non proident, sunt in culpa qui officia deserunt mollit anim id est laborum.

Nemo enim ipsam voluptatem quia voluptas sit aspernatur aut odit aut fugit, sed quia consequuntur magni dolores eos qui ratione voluptatem sequi nesciunt. Neque porro quisquam est, qui dolorem ipsum quia dolor sit amet, consectetur, adipisci velit, sed quia non numquam eius modi tempora incidunt ut labore et dolore magnam aliquam quaerat voluptatem. Ut enim ad minima veniam, quis nostrum exercitationem ullam corporis suscipit laboriosam, nisi ut aliquid ex ea commodi consequatur? Quis autem vel eum iure reprehenderit qui in ea voluptate velit esse quam nihil molestiae consequatur, vel illum qui dolorem eum fugiat quo voluptas nulla pariatur?]]></content:encoded>
		<excerpt:encoded><![CDATA[Duis aute irure dolor in reprehenderit in voluptate velit esse cillum dolore eu fugiat nulla pariatur. Excepteur sint occaecat cupidatat non proident, sunt in culpa qui officia deserunt mollit anim id est laborum.]]></excerpt:encoded>
		<wp:post_id>1714</wp:post_id>
		<wp:post_date>2013-08-12 07:24:38</wp:post_date>
		<wp:post_date_gmt>2013-08-12 07:24:38</wp:post_date_gmt>
		<wp:comment_status>open</wp:comment_status>
		<wp:ping_status>open</wp:ping_status>
		<wp:post_name>temporibus-autem-quibusdam</wp:post_name>
		<wp:status>publish</wp:status>
		<wp:post_parent>0</wp:post_parent>
		<wp:menu_order>0</wp:menu_order>
		<wp:post_type>post</wp:post_type>
		<wp:post_password></wp:post_password>
		<wp:is_sticky>0</wp:is_sticky>
		<category domain="category" nicename="luxury"><![CDATA[Luxury]]></category>
		<category domain="category" nicename="uncategorized"><![CDATA[Sport]]></category>
		<category domain="post_tag" nicename="sport-games"><![CDATA[Sport Games]]></category>
		<category domain="post_tag" nicename="trip-planner"><![CDATA[Trip Planner]]></category>
		<wp:postmeta>
			<wp:meta_key>google_shortcode</wp:meta_key>
			<wp:meta_value><![CDATA[]]></wp:meta_value>
		</wp:postmeta>
		<wp:postmeta>
			<wp:meta_key>start_day</wp:meta_key>
			<wp:meta_value><![CDATA[]]></wp:meta_value>
		</wp:postmeta>
		<wp:postmeta>
			<wp:meta_key>end_day</wp:meta_key>
			<wp:meta_value><![CDATA[]]></wp:meta_value>
		</wp:postmeta>
		<wp:postmeta>
			<wp:meta_key>venue</wp:meta_key>
			<wp:meta_value><![CDATA[]]></wp:meta_value>
		</wp:postmeta>
		<wp:postmeta>
			<wp:meta_key>_edit_last</wp:meta_key>
			<wp:meta_value><![CDATA[2]]></wp:meta_value>
		</wp:postmeta>
		<wp:postmeta>
			<wp:meta_key>_thumbnail_id</wp:meta_key>
			<wp:meta_value><![CDATA[1715]]></wp:meta_value>
		</wp:postmeta>
		<wp:postmeta>
			<wp:meta_key>_wpb_vc_js_status</wp:meta_key>
			<wp:meta_value><![CDATA[false]]></wp:meta_value>
		</wp:postmeta>
		<wp:postmeta>
			<wp:meta_key>_wpb_vc_js_interface_version</wp:meta_key>
			<wp:meta_value><![CDATA[]]></wp:meta_value>
		</wp:postmeta>
		<wp:postmeta>
			<wp:meta_key>background</wp:meta_key>
			<wp:meta_value><![CDATA[a:5:{s:16:"background-color";s:0:"";s:17:"background-repeat";s:0:"";s:21:"background-attachment";s:0:"";s:19:"background-position";s:0:"";s:16:"background-image";s:0:"";}]]></wp:meta_value>
		</wp:postmeta>
		<wp:postmeta>
			<wp:meta_key>show_hide_social</wp:meta_key>
			<wp:meta_value><![CDATA[def]]></wp:meta_value>
		</wp:postmeta>
		<wp:postmeta>
			<wp:meta_key>single_post_layout</wp:meta_key>
			<wp:meta_value><![CDATA[def]]></wp:meta_value>
		</wp:postmeta>
		<wp:postmeta>
			<wp:meta_key>_oembed_540062471576da1afbfd08259d42a7f1</wp:meta_key>
			<wp:meta_value><![CDATA[<iframe width="900" height="166" scrolling="no" frameborder="no" src="https://w.soundcloud.com/player/?url=http%3A%2F%2Fapi.soundcloud.com%2Ftracks%2F60978034&show_artwork=true&maxwidth=900&maxheight=1000"></iframe>]]></wp:meta_value>
		</wp:postmeta>
	</item>
	<item>
		<title>Quasi Architecto Beatae</title>
		<link>http://demo.cactusthemes.com/gpdark/quasi-architecto-beatae/</link>
		<pubDate>Mon, 12 Aug 2013 07:26:39 +0000</pubDate>
		<dc:creator><![CDATA[vantrimaster]]></dc:creator>
		<guid isPermaLink="false">http://demo.cactusthemes.com/gameplan/?p=1717</guid>
		<description></description>
		<content:encoded><![CDATA[Neque porro quisquam est, qui dolorem ipsum quia dolor sit amet, consectetur, adipisci velit, sed quia non numquam eius modi tempora incidunt ut labore et dolore magnam aliquam quaerat voluptatem. Ut enim ad minima veniam, quis nostrum exercitationem ullam corporis suscipit laboriosam, nisi ut aliquid ex ea commodi consequatur? Quis autem vel eum iure reprehenderit qui in ea voluptate velit esse quam nihil molestiae consequatur, vel illum qui dolorem eum fugiat quo voluptas nulla pariatur.]]></content:encoded>
		<excerpt:encoded><![CDATA[Ut enim ad minima veniam, quis nostrum exercitationem ullam corporis suscipit laboriosam, nisi ut aliquid ex ea commodi consequatur?]]></excerpt:encoded>
		<wp:post_id>1717</wp:post_id>
		<wp:post_date>2013-08-12 07:26:39</wp:post_date>
		<wp:post_date_gmt>2013-08-12 07:26:39</wp:post_date_gmt>
		<wp:comment_status>open</wp:comment_status>
		<wp:ping_status>open</wp:ping_status>
		<wp:post_name>quasi-architecto-beatae</wp:post_name>
		<wp:status>publish</wp:status>
		<wp:post_parent>0</wp:post_parent>
		<wp:menu_order>0</wp:menu_order>
		<wp:post_type>post</wp:post_type>
		<wp:post_password></wp:post_password>
		<wp:is_sticky>0</wp:is_sticky>
		<category domain="post_tag" nicename="event-planner"><![CDATA[Event Planner]]></category>
		<category domain="post_format" nicename="post-format-gallery"><![CDATA[Gallery]]></category>
		<category domain="category" nicename="gym"><![CDATA[GYM]]></category>
		<category domain="category" nicename="uncategorized"><![CDATA[Sport]]></category>
		<category domain="category" nicename="sport-game"><![CDATA[Sport Game]]></category>
		<category domain="post_tag" nicename="sport-games"><![CDATA[Sport Games]]></category>
		<wp:postmeta>
			<wp:meta_key>start_day</wp:meta_key>
			<wp:meta_value><![CDATA[]]></wp:meta_value>
		</wp:postmeta>
		<wp:postmeta>
			<wp:meta_key>venue</wp:meta_key>
			<wp:meta_value><![CDATA[]]></wp:meta_value>
		</wp:postmeta>
		<wp:postmeta>
			<wp:meta_key>end_day</wp:meta_key>
			<wp:meta_value><![CDATA[]]></wp:meta_value>
		</wp:postmeta>
		<wp:postmeta>
			<wp:meta_key>_edit_last</wp:meta_key>
			<wp:meta_value><![CDATA[2]]></wp:meta_value>
		</wp:postmeta>
		<wp:postmeta>
			<wp:meta_key>_thumbnail_id</wp:meta_key>
			<wp:meta_value><![CDATA[1718]]></wp:meta_value>
		</wp:postmeta>
		<wp:postmeta>
			<wp:meta_key>google_shortcode</wp:meta_key>
			<wp:meta_value><![CDATA[]]></wp:meta_value>
		</wp:postmeta>
		<wp:postmeta>
			<wp:meta_key>_wpb_vc_js_status</wp:meta_key>
			<wp:meta_value><![CDATA[false]]></wp:meta_value>
		</wp:postmeta>
		<wp:postmeta>
			<wp:meta_key>_wpb_vc_js_interface_version</wp:meta_key>
			<wp:meta_value><![CDATA[]]></wp:meta_value>
		</wp:postmeta>
		<wp:postmeta>
			<wp:meta_key>background</wp:meta_key>
			<wp:meta_value><![CDATA[a:5:{s:16:"background-color";s:0:"";s:17:"background-repeat";s:0:"";s:21:"background-attachment";s:0:"";s:19:"background-position";s:0:"";s:16:"background-image";s:0:"";}]]></wp:meta_value>
		</wp:postmeta>
		<wp:postmeta>
			<wp:meta_key>show_hide_social</wp:meta_key>
			<wp:meta_value><![CDATA[def]]></wp:meta_value>
		</wp:postmeta>
		<wp:postmeta>
			<wp:meta_key>single_post_layout</wp:meta_key>
			<wp:meta_value><![CDATA[def]]></wp:meta_value>
		</wp:postmeta>
	</item>
	<item>
		<title>Nisi Ut Aliquid Ex</title>
		<link>http://demo.cactusthemes.com/gpdark/nisi-ut-aliquid-ex/</link>
		<pubDate>Mon, 12 Aug 2013 07:28:26 +0000</pubDate>
		<dc:creator><![CDATA[vantrimaster]]></dc:creator>
		<guid isPermaLink="false">http://demo.cactusthemes.com/gameplan/?p=1720</guid>
		<description></description>
		<content:encoded><![CDATA[http://www.youtube.com/watch?v=jxGW5Z8mZ9c
Nemo enim ipsam voluptatem quia voluptas sit aspernatur aut odit aut fugit, sed quia consequuntur magni dolores eos qui ratione voluptatem sequi nesciunt. Neque porro quisquam est, qui dolorem ipsum quia dolor sit amet, consectetur, adipisci velit, sed quia non numquam eius modi tempora incidunt ut labore et dolore magnam aliquam quaerat voluptatem.

Duis aute irure dolor in reprehenderit in voluptate velit esse cillum dolore eu fugiat nulla pariatur. Excepteur sint occaecat cupidatat non proident, sunt in culpa qui officia deserunt mollit anim id est laborum.

Sed ut perspiciatis unde omnis iste natus error sit voluptatem accusantium doloremque laudantium, totam rem aperiam, eaque ipsa quae ab illo inventore veritatis et quasi architecto beatae vitae dicta sunt explicabo. Nemo enim ipsam voluptatem quia voluptas sit aspernatur aut odit aut fugit, sed quia consequuntur magni dolores eos qui ratione voluptatem sequi nesciunt.]]></content:encoded>
		<excerpt:encoded><![CDATA[Sed ut perspiciatis unde omnis iste natus error sit voluptatem accusantium doloremque laudantium, totam rem aperiam, eaque ipsa.]]></excerpt:encoded>
		<wp:post_id>1720</wp:post_id>
		<wp:post_date>2013-08-12 07:28:26</wp:post_date>
		<wp:post_date_gmt>2013-08-12 07:28:26</wp:post_date_gmt>
		<wp:comment_status>open</wp:comment_status>
		<wp:ping_status>open</wp:ping_status>
		<wp:post_name>nisi-ut-aliquid-ex</wp:post_name>
		<wp:status>publish</wp:status>
		<wp:post_parent>0</wp:post_parent>
		<wp:menu_order>0</wp:menu_order>
		<wp:post_type>post</wp:post_type>
		<wp:post_password></wp:post_password>
		<wp:is_sticky>0</wp:is_sticky>
		<category domain="category" nicename="high-speed"><![CDATA[High speed]]></category>
		<category domain="category" nicename="uncategorized"><![CDATA[Sport]]></category>
		<category domain="post_tag" nicename="sport-games"><![CDATA[Sport Games]]></category>
		<category domain="post_tag" nicename="training-courses"><![CDATA[Training Courses]]></category>
		<wp:postmeta>
			<wp:meta_key>start_day</wp:meta_key>
			<wp:meta_value><![CDATA[]]></wp:meta_value>
		</wp:postmeta>
		<wp:postmeta>
			<wp:meta_key>venue</wp:meta_key>
			<wp:meta_value><![CDATA[]]></wp:meta_value>
		</wp:postmeta>
		<wp:postmeta>
			<wp:meta_key>end_day</wp:meta_key>
			<wp:meta_value><![CDATA[]]></wp:meta_value>
		</wp:postmeta>
		<wp:postmeta>
			<wp:meta_key>_edit_last</wp:meta_key>
			<wp:meta_value><![CDATA[2]]></wp:meta_value>
		</wp:postmeta>
		<wp:postmeta>
			<wp:meta_key>_thumbnail_id</wp:meta_key>
			<wp:meta_value><![CDATA[1721]]></wp:meta_value>
		</wp:postmeta>
		<wp:postmeta>
			<wp:meta_key>google_shortcode</wp:meta_key>
			<wp:meta_value><![CDATA[]]></wp:meta_value>
		</wp:postmeta>
		<wp:postmeta>
			<wp:meta_key>_wpb_vc_js_status</wp:meta_key>
			<wp:meta_value><![CDATA[false]]></wp:meta_value>
		</wp:postmeta>
		<wp:postmeta>
			<wp:meta_key>_wpb_vc_js_interface_version</wp:meta_key>
			<wp:meta_value><![CDATA[]]></wp:meta_value>
		</wp:postmeta>
		<wp:postmeta>
			<wp:meta_key>background</wp:meta_key>
			<wp:meta_value><![CDATA[a:5:{s:16:"background-color";s:0:"";s:17:"background-repeat";s:0:"";s:21:"background-attachment";s:0:"";s:19:"background-position";s:0:"";s:16:"background-image";s:0:"";}]]></wp:meta_value>
		</wp:postmeta>
		<wp:postmeta>
			<wp:meta_key>show_hide_social</wp:meta_key>
			<wp:meta_value><![CDATA[def]]></wp:meta_value>
		</wp:postmeta>
		<wp:postmeta>
			<wp:meta_key>single_post_layout</wp:meta_key>
			<wp:meta_value><![CDATA[def]]></wp:meta_value>
		</wp:postmeta>
		<wp:postmeta>
			<wp:meta_key>_oembed_47889ee8ab3efca1a4f70bb18718d53a</wp:meta_key>
			<wp:meta_value><![CDATA[<iframe width="900" height="506" src="http://www.youtube.com/embed/jxGW5Z8mZ9c?feature=oembed" frameborder="0" allowfullscreen></iframe>]]></wp:meta_value>
		</wp:postmeta>
	</item>
	<item>
		<title>Audio Post</title>
		<link>http://demo.cactusthemes.com/gpdark/consectetur-adipisicing/</link>
		<pubDate>Mon, 12 Aug 2013 07:29:56 +0000</pubDate>
		<dc:creator><![CDATA[vantrimaster]]></dc:creator>
		<guid isPermaLink="false">http://demo.cactusthemes.com/gameplan/?p=1723</guid>
		<description></description>
		<content:encoded><![CDATA[https://soundcloud.com/aviciiofficial/avicii-wake-me-up-extended-mix

Excepteur sint occaecat cupidatat non proident, sunt in culpa qui officia deserunt mollit anim id est laborum. Lorem ipsum dolor sit amet, consectetur adipisicing elit, sed do eiusmod tempor incididunt ut labore et dolore magna aliqua. Ut enim ad minim veniam, quis nostrud exercitation ullamco laboris nisi ut aliquip ex ea commodo consequat. Duis aute irure dolor in reprehenderit in voluptate velit esse cillum dolore eu fugiat nulla pariatur. Excepteur sint occaecat cupidatat non proident, sunt in culpa qui officia deserunt mollit anim id est laborum.

Ut enim ad minim veniam, quis nostrud exercitation ullamco laboris nisi ut aliquip ex ea commodo consequat. Duis aute irure dolor in reprehenderit in voluptate velit esse cillum dolore eu fugiat nulla pariatur. Excepteur sint occaecat cupidatat non proident, sunt in culpa qui officia deserunt mollit anim id est laborum.]]></content:encoded>
		<excerpt:encoded><![CDATA[Lorem ipsum dolor sit amet, consectetur adipisicing elit, sed do eiusmod tempor incididunt ut labore et dolore magna aliqua non proident.]]></excerpt:encoded>
		<wp:post_id>1723</wp:post_id>
		<wp:post_date>2013-08-12 07:29:56</wp:post_date>
		<wp:post_date_gmt>2013-08-12 07:29:56</wp:post_date_gmt>
		<wp:comment_status>open</wp:comment_status>
		<wp:ping_status>open</wp:ping_status>
		<wp:post_name>consectetur-adipisicing</wp:post_name>
		<wp:status>publish</wp:status>
		<wp:post_parent>0</wp:post_parent>
		<wp:menu_order>0</wp:menu_order>
		<wp:post_type>post</wp:post_type>
		<wp:post_password></wp:post_password>
		<wp:is_sticky>0</wp:is_sticky>
		<category domain="category" nicename="uncategorized"><![CDATA[Sport]]></category>
		<category domain="category" nicename="sport-game"><![CDATA[Sport Game]]></category>
		<category domain="post_tag" nicename="sport-games"><![CDATA[Sport Games]]></category>
		<category domain="category" nicename="training"><![CDATA[Training]]></category>
		<category domain="post_tag" nicename="trip-planner"><![CDATA[Trip Planner]]></category>
		<wp:postmeta>
			<wp:meta_key>start_day</wp:meta_key>
			<wp:meta_value><![CDATA[]]></wp:meta_value>
		</wp:postmeta>
		<wp:postmeta>
			<wp:meta_key>venue</wp:meta_key>
			<wp:meta_value><![CDATA[]]></wp:meta_value>
		</wp:postmeta>
		<wp:postmeta>
			<wp:meta_key>end_day</wp:meta_key>
			<wp:meta_value><![CDATA[]]></wp:meta_value>
		</wp:postmeta>
		<wp:postmeta>
			<wp:meta_key>_edit_last</wp:meta_key>
			<wp:meta_value><![CDATA[2]]></wp:meta_value>
		</wp:postmeta>
		<wp:postmeta>
			<wp:meta_key>_thumbnail_id</wp:meta_key>
			<wp:meta_value><![CDATA[3096]]></wp:meta_value>
		</wp:postmeta>
		<wp:postmeta>
			<wp:meta_key>google_shortcode</wp:meta_key>
			<wp:meta_value><![CDATA[]]></wp:meta_value>
		</wp:postmeta>
		<wp:postmeta>
			<wp:meta_key>_oembed_4bb9ab33f2022e6ce970ea3ed9708e3d</wp:meta_key>
			<wp:meta_value><![CDATA[<iframe width="900" height="166" scrolling="no" frameborder="no" src="https://w.soundcloud.com/player/?url=http%3A%2F%2Fapi.soundcloud.com%2Ftracks%2F97617992&show_artwork=true&maxwidth=900&maxheight=1000"></iframe>]]></wp:meta_value>
		</wp:postmeta>
		<wp:postmeta>
			<wp:meta_key>_wpb_vc_js_status</wp:meta_key>
			<wp:meta_value><![CDATA[false]]></wp:meta_value>
		</wp:postmeta>
		<wp:postmeta>
			<wp:meta_key>_wpb_vc_js_interface_version</wp:meta_key>
			<wp:meta_value><![CDATA[]]></wp:meta_value>
		</wp:postmeta>
		<wp:postmeta>
			<wp:meta_key>background</wp:meta_key>
			<wp:meta_value><![CDATA[a:5:{s:16:"background-color";s:0:"";s:17:"background-repeat";s:0:"";s:21:"background-attachment";s:0:"";s:19:"background-position";s:0:"";s:16:"background-image";s:0:"";}]]></wp:meta_value>
		</wp:postmeta>
		<wp:postmeta>
			<wp:meta_key>show_hide_social</wp:meta_key>
			<wp:meta_value><![CDATA[def]]></wp:meta_value>
		</wp:postmeta>
		<wp:postmeta>
			<wp:meta_key>single_post_layout</wp:meta_key>
			<wp:meta_value><![CDATA[def]]></wp:meta_value>
		</wp:postmeta>
	</item>
	<item>
		<title>Post With Video</title>
		<link>http://demo.cactusthemes.com/gpdark/numquam-eius/</link>
		<pubDate>Mon, 12 Aug 2013 07:33:16 +0000</pubDate>
		<dc:creator><![CDATA[vantrimaster]]></dc:creator>
		<guid isPermaLink="false">http://demo.cactusthemes.com/gameplan/?p=1726</guid>
		<description></description>
		<content:encoded><![CDATA[http://vimeo.com/77040272
Neque porro quisquam est, qui dolorem ipsum quia dolor sit amet, consectetur, adipisci velit, sed quia non numquam eius modi tempora incidunt ut labore et dolore magnam aliquam quaerat voluptatem.]]></content:encoded>
		<excerpt:encoded><![CDATA[Neque porro quisquam est, qui dolorem ipsum quia dolor sit amet, consectetur, adipisci velit, sed quia non numquam eius labore et.]]></excerpt:encoded>
		<wp:post_id>1726</wp:post_id>
		<wp:post_date>2013-08-12 07:33:16</wp:post_date>
		<wp:post_date_gmt>2013-08-12 07:33:16</wp:post_date_gmt>
		<wp:comment_status>open</wp:comment_status>
		<wp:ping_status>open</wp:ping_status>
		<wp:post_name>numquam-eius</wp:post_name>
		<wp:status>publish</wp:status>
		<wp:post_parent>0</wp:post_parent>
		<wp:menu_order>0</wp:menu_order>
		<wp:post_type>post</wp:post_type>
		<wp:post_password></wp:post_password>
		<wp:is_sticky>0</wp:is_sticky>
		<category domain="post_tag" nicename="event-planner"><![CDATA[Event Planner]]></category>
		<category domain="category" nicename="gym"><![CDATA[GYM]]></category>
		<category domain="category" nicename="uncategorized"><![CDATA[Sport]]></category>
		<category domain="category" nicename="sport-game"><![CDATA[Sport Game]]></category>
		<category domain="post_tag" nicename="sport-games"><![CDATA[Sport Games]]></category>
		<wp:postmeta>
			<wp:meta_key>start_day</wp:meta_key>
			<wp:meta_value><![CDATA[]]></wp:meta_value>
		</wp:postmeta>
		<wp:postmeta>
			<wp:meta_key>venue</wp:meta_key>
			<wp:meta_value><![CDATA[]]></wp:meta_value>
		</wp:postmeta>
		<wp:postmeta>
			<wp:meta_key>end_day</wp:meta_key>
			<wp:meta_value><![CDATA[]]></wp:meta_value>
		</wp:postmeta>
		<wp:postmeta>
			<wp:meta_key>_edit_last</wp:meta_key>
			<wp:meta_value><![CDATA[2]]></wp:meta_value>
		</wp:postmeta>
		<wp:postmeta>
			<wp:meta_key>_thumbnail_id</wp:meta_key>
			<wp:meta_value><![CDATA[3092]]></wp:meta_value>
		</wp:postmeta>
		<wp:postmeta>
			<wp:meta_key>google_shortcode</wp:meta_key>
			<wp:meta_value><![CDATA[]]></wp:meta_value>
		</wp:postmeta>
		<wp:postmeta>
			<wp:meta_key>_oembed_e4ad17012d56018ee112463c988b942a</wp:meta_key>
			<wp:meta_value><![CDATA[<iframe src="//player.vimeo.com/video/77040272" width="900" height="506" frameborder="0" title="NYC &sup2;" webkitallowfullscreen mozallowfullscreen allowfullscreen></iframe>]]></wp:meta_value>
		</wp:postmeta>
		<wp:postmeta>
			<wp:meta_key>_wpb_vc_js_status</wp:meta_key>
			<wp:meta_value><![CDATA[false]]></wp:meta_value>
		</wp:postmeta>
		<wp:postmeta>
			<wp:meta_key>_wpb_vc_js_interface_version</wp:meta_key>
			<wp:meta_value><![CDATA[]]></wp:meta_value>
		</wp:postmeta>
		<wp:postmeta>
			<wp:meta_key>background</wp:meta_key>
			<wp:meta_value><![CDATA[a:5:{s:16:"background-color";s:0:"";s:17:"background-repeat";s:0:"";s:21:"background-attachment";s:0:"";s:19:"background-position";s:0:"";s:16:"background-image";s:0:"";}]]></wp:meta_value>
		</wp:postmeta>
		<wp:postmeta>
			<wp:meta_key>show_hide_social</wp:meta_key>
			<wp:meta_value><![CDATA[def]]></wp:meta_value>
		</wp:postmeta>
		<wp:postmeta>
			<wp:meta_key>single_post_layout</wp:meta_key>
			<wp:meta_value><![CDATA[def]]></wp:meta_value>
		</wp:postmeta>
		<wp:comment>
			<wp:comment_id>148</wp:comment_id>
			<wp:comment_author><![CDATA[fgdgd]]></wp:comment_author>
			<wp:comment_author_email>fsfd@gmail.com</wp:comment_author_email>
			<wp:comment_author_url></wp:comment_author_url>
			<wp:comment_author_IP>178.235.197.60</wp:comment_author_IP>
			<wp:comment_date>2014-05-08 22:33:01</wp:comment_date>
			<wp:comment_date_gmt>2014-05-08 22:33:01</wp:comment_date_gmt>
			<wp:comment_content><![CDATA[efgefsgvdsfssssss]]></wp:comment_content>
			<wp:comment_approved></wp:comment_approved>
			<wp:comment_type></wp:comment_type>
			<wp:comment_parent>0</wp:comment_parent>
			<wp:comment_user_id>0</wp:comment_user_id>
		</wp:comment>
	</item>
	<item>
		<title>Age Is No Barrier</title>
		<link>http://demo.cactusthemes.com/gpdark/nemo-enim-ipsam/</link>
		<pubDate>Mon, 12 Aug 2013 07:34:56 +0000</pubDate>
		<dc:creator><![CDATA[vantrimaster]]></dc:creator>
		<guid isPermaLink="false">http://demo.cactusthemes.com/gameplan/?p=1729</guid>
		<description></description>
		<content:encoded><![CDATA[[vc_row paddingtop="0" paddingbottom="0" full_width="0"][vc_column][vc_gallery type="flexslider_slide" interval="0" images="4000,4001" onclick="link_image" custom_links_target="_self" img_size="1260x600"][margin top="20"][vc_column_text]

Sed ut perspiciatis unde omnis iste natus error sit voluptatem accusantium doloremque laudantium, totam rem aperiam, eaque ipsa quae ab illo inventore veritatis et quasi architecto beatae vitae dicta sunt explicabo. Nemo enim ipsam voluptatem quia voluptas sit aspernatur aut odit aut fugit, sed quia consequuntur magni dolores eos qui ratione voluptatem sequi nesciunt.

Neque porro quisquam est, qui dolorem ipsum quia dolor sit amet, consectetur, adipisci velit, sed quia non numquam eius modi tempora incidunt ut labore et dolore magnam aliquam quaerat voluptatem. Ut enim ad minima veniam, quis nostrum exercitationem ullam corporis suscipit laboriosam, nisi ut aliquid ex ea commodi consequatur? Quis autem vel eum iure reprehenderit qui in ea voluptate velit esse quam nihil molestiae consequatur, vel illum qui dolorem eum fugiat quo voluptas nulla pariatur?

[/vc_column_text][/vc_column][/vc_row]]]></content:encoded>
		<excerpt:encoded><![CDATA[Ut enim ad minima veniam, quis nostrum exercitationem ullam corporis suscipit laboriosam, nisi ut aliquid ex ea commodi quaerat voluptatem.]]></excerpt:encoded>
		<wp:post_id>1729</wp:post_id>
		<wp:post_date>2013-08-12 07:34:56</wp:post_date>
		<wp:post_date_gmt>2013-08-12 07:34:56</wp:post_date_gmt>
		<wp:comment_status>open</wp:comment_status>
		<wp:ping_status>open</wp:ping_status>
		<wp:post_name>nemo-enim-ipsam</wp:post_name>
		<wp:status>publish</wp:status>
		<wp:post_parent>0</wp:post_parent>
		<wp:menu_order>0</wp:menu_order>
		<wp:post_type>post</wp:post_type>
		<wp:post_password></wp:post_password>
		<wp:is_sticky>0</wp:is_sticky>
		<category domain="category" nicename="football"><![CDATA[Football]]></category>
		<category domain="category" nicename="uncategorized"><![CDATA[Sport]]></category>
		<category domain="post_tag" nicename="tag2"><![CDATA[tag2]]></category>
		<category domain="category" nicename="training"><![CDATA[Training]]></category>
		<category domain="post_tag" nicename="trip-planner"><![CDATA[Trip Planner]]></category>
		<wp:postmeta>
			<wp:meta_key>start_day</wp:meta_key>
			<wp:meta_value><![CDATA[]]></wp:meta_value>
		</wp:postmeta>
		<wp:postmeta>
			<wp:meta_key>venue</wp:meta_key>
			<wp:meta_value><![CDATA[]]></wp:meta_value>
		</wp:postmeta>
		<wp:postmeta>
			<wp:meta_key>end_day</wp:meta_key>
			<wp:meta_value><![CDATA[]]></wp:meta_value>
		</wp:postmeta>
		<wp:postmeta>
			<wp:meta_key>_edit_last</wp:meta_key>
			<wp:meta_value><![CDATA[2]]></wp:meta_value>
		</wp:postmeta>
		<wp:postmeta>
			<wp:meta_key>_thumbnail_id</wp:meta_key>
			<wp:meta_value><![CDATA[3103]]></wp:meta_value>
		</wp:postmeta>
		<wp:postmeta>
			<wp:meta_key>google_shortcode</wp:meta_key>
			<wp:meta_value><![CDATA[]]></wp:meta_value>
		</wp:postmeta>
		<wp:postmeta>
			<wp:meta_key>_wpb_vc_js_status</wp:meta_key>
			<wp:meta_value><![CDATA[true]]></wp:meta_value>
		</wp:postmeta>
		<wp:postmeta>
			<wp:meta_key>_wpb_vc_js_interface_version</wp:meta_key>
			<wp:meta_value><![CDATA[]]></wp:meta_value>
		</wp:postmeta>
		<wp:postmeta>
			<wp:meta_key>background</wp:meta_key>
			<wp:meta_value><![CDATA[a:5:{s:16:"background-color";s:0:"";s:17:"background-repeat";s:0:"";s:21:"background-attachment";s:0:"";s:19:"background-position";s:0:"";s:16:"background-image";s:0:"";}]]></wp:meta_value>
		</wp:postmeta>
		<wp:postmeta>
			<wp:meta_key>show_hide_social</wp:meta_key>
			<wp:meta_value><![CDATA[def]]></wp:meta_value>
		</wp:postmeta>
		<wp:postmeta>
			<wp:meta_key>single_post_layout</wp:meta_key>
			<wp:meta_value><![CDATA[def]]></wp:meta_value>
		</wp:postmeta>
		<wp:comment>
			<wp:comment_id>135</wp:comment_id>
			<wp:comment_author><![CDATA[seo]]></wp:comment_author>
			<wp:comment_author_email>xgpunxlnmz@gmail.com</wp:comment_author_email>
			<wp:comment_author_url>http://www.2014PandaSeo.com/</wp:comment_author_url>
			<wp:comment_author_IP>200.117.180.38</wp:comment_author_IP>
			<wp:comment_date>2014-03-18 23:42:19</wp:comment_date>
			<wp:comment_date_gmt>2014-03-18 23:42:19</wp:comment_date_gmt>
			<wp:comment_content><![CDATA[Hello Web Admin, I noticed that your On-Page SEO is is missing a few factors, for one you do not use all three H tags in your post, also I notice that you are not using bold or italics properly in your SEO optimization. On-Page SEO means more now than ever since the new Google update: Panda. No longer are backlinks and simply pinging or sending out a RSS feed the key to getting Google PageRank or Alexa Rankings, You now NEED On-Page SEO. So what is good On-Page SEO?First your keyword must appear in the title.Then it must appear in the URL.You have to optimize your keyword and make sure that it has a nice keyword density of 3-5% in your article with relevant LSI (Latent Semantic Indexing). Then you should spread all H1,H2,H3 tags in your article.Your Keyword should appear in your first paragraph and in the last sentence of the page. You should have relevant usage of Bold and italics of your keyword.There should be one internal link to a page on your blog and you should have one image with an alt tag that has your keyword....wait there's even more Now what if i told you there was a simple Wordpress plugin that does all the On-Page SEO, and automatically for you? That's right AUTOMATICALLY, just watch this 4minute video for more information at. <a href="http://www.2014PandaSeo.com" rel="nofollow">Seo Plugin</a>]]></wp:comment_content>
			<wp:comment_approved></wp:comment_approved>
			<wp:comment_type></wp:comment_type>
			<wp:comment_parent>0</wp:comment_parent>
			<wp:comment_user_id>0</wp:comment_user_id>
		</wp:comment>
	</item>
	<item>
		<title>Aerobic For Office Staff</title>
		<link>http://demo.cactusthemes.com/gpdark/dolores-eos-qui/</link>
		<pubDate>Mon, 12 Aug 2013 07:37:25 +0000</pubDate>
		<dc:creator><![CDATA[vantrimaster]]></dc:creator>
		<guid isPermaLink="false">http://demo.cactusthemes.com/gameplan/?p=1732</guid>
		<description></description>
		<content:encoded><![CDATA[<p>Nor again is there anyone who loves or pursues or desires to obtain pain of itself, because it is pain, but because occasionally circumstances occur in which toil and pain can procure him some great pleasure. To take a trivial example, which of us ever undertakes laborious physical exercise, except to obtain some advantage from it? But who has any right to find fault with a man who chooses to enjoy a pleasure that has no annoying consequences, or one who avoids a pain that produces no resultant pleasure?</p>
<p>But I must explain to you how all this mistaken idea of denouncing pleasure and praising pain was born and I will give you a complete account of the system, and expound the actual teachings of the great explorer of the truth, the master-builder of human happiness. No one rejects, dislikes, or avoids pleasure itself, because it is pleasure, but because those who do not know how to pursue pleasure rationally encounter consequences that are extremely painful.</p>
]]></content:encoded>
		<excerpt:encoded><![CDATA[But I must explain to you how all this mistaken idea of denouncing pleasure and praising pain was born and I will give you a complete.]]></excerpt:encoded>
		<wp:post_id>1732</wp:post_id>
		<wp:post_date>2013-08-12 07:37:25</wp:post_date>
		<wp:post_date_gmt>2013-08-12 07:37:25</wp:post_date_gmt>
		<wp:comment_status>open</wp:comment_status>
		<wp:ping_status>open</wp:ping_status>
		<wp:post_name>dolores-eos-qui</wp:post_name>
		<wp:status>publish</wp:status>
		<wp:post_parent>0</wp:post_parent>
		<wp:menu_order>0</wp:menu_order>
		<wp:post_type>post</wp:post_type>
		<wp:post_password></wp:post_password>
		<wp:is_sticky>1</wp:is_sticky>
		<category domain="post_tag" nicename="event-planner"><![CDATA[Event Planner]]></category>
		<category domain="category" nicename="luxury"><![CDATA[Luxury]]></category>
		<category domain="category" nicename="uncategorized"><![CDATA[Sport]]></category>
		<category domain="post_tag" nicename="sport-games"><![CDATA[Sport Games]]></category>
		<category domain="category" nicename="training"><![CDATA[Training]]></category>
		<wp:postmeta>
			<wp:meta_key>start_day</wp:meta_key>
			<wp:meta_value><![CDATA[]]></wp:meta_value>
		</wp:postmeta>
		<wp:postmeta>
			<wp:meta_key>venue</wp:meta_key>
			<wp:meta_value><![CDATA[]]></wp:meta_value>
		</wp:postmeta>
		<wp:postmeta>
			<wp:meta_key>end_day</wp:meta_key>
			<wp:meta_value><![CDATA[]]></wp:meta_value>
		</wp:postmeta>
		<wp:postmeta>
			<wp:meta_key>_edit_last</wp:meta_key>
			<wp:meta_value><![CDATA[2]]></wp:meta_value>
		</wp:postmeta>
		<wp:postmeta>
			<wp:meta_key>google_shortcode</wp:meta_key>
			<wp:meta_value><![CDATA[]]></wp:meta_value>
		</wp:postmeta>
		<wp:postmeta>
			<wp:meta_key>_wpb_vc_js_status</wp:meta_key>
			<wp:meta_value><![CDATA[false]]></wp:meta_value>
		</wp:postmeta>
		<wp:postmeta>
			<wp:meta_key>_wpb_vc_js_interface_version</wp:meta_key>
			<wp:meta_value><![CDATA[]]></wp:meta_value>
		</wp:postmeta>
		<wp:postmeta>
			<wp:meta_key>background</wp:meta_key>
			<wp:meta_value><![CDATA[a:5:{s:16:"background-color";s:0:"";s:17:"background-repeat";s:0:"";s:21:"background-attachment";s:0:"";s:19:"background-position";s:0:"";s:16:"background-image";s:0:"";}]]></wp:meta_value>
		</wp:postmeta>
		<wp:postmeta>
			<wp:meta_key>show_hide_social</wp:meta_key>
			<wp:meta_value><![CDATA[def]]></wp:meta_value>
		</wp:postmeta>
		<wp:postmeta>
			<wp:meta_key>single_post_layout</wp:meta_key>
			<wp:meta_value><![CDATA[def]]></wp:meta_value>
		</wp:postmeta>
		<wp:postmeta>
			<wp:meta_key>_thumbnail_id</wp:meta_key>
			<wp:meta_value><![CDATA[3105]]></wp:meta_value>
		</wp:postmeta>
	</item>
	<item>
		<title>Extraordinary Achievement</title>
		<link>http://demo.cactusthemes.com/gpdark/voluptatem-accusantium/</link>
		<pubDate>Mon, 12 Aug 2013 07:39:08 +0000</pubDate>
		<dc:creator><![CDATA[vantrimaster]]></dc:creator>
		<guid isPermaLink="false">http://demo.cactusthemes.com/gameplan/?p=1735</guid>
		<description></description>
		<content:encoded><![CDATA[<p style="text-align: justify;"><a href="http://demo.cactusthemes.com/gpdark/wp-content/uploads/2013/08/Post-photo-3.jpg"><img class="alignnone size-full wp-image-4001" alt="Post-photo-3" src="http://demo.cactusthemes.com/gpdark/wp-content/uploads/2013/08/Post-photo-3.jpg" width="1260" height="600" /></a></p>
<p style="text-align: justify;">But I must explain to you how all this mistaken idea of denouncing pleasure and praising pain was born and I will give you a complete account of the system, and expound the actual teachings of the great explorer of the truth, the master-builder of human happiness.]]></content:encoded>
		<excerpt:encoded><![CDATA[No one rejects, dislikes, or avoids pleasure itself, because it is pleasure, but because those who do not know how to pursue pleasure.]]></excerpt:encoded>
		<wp:post_id>1735</wp:post_id>
		<wp:post_date>2013-08-12 07:39:08</wp:post_date>
		<wp:post_date_gmt>2013-08-12 07:39:08</wp:post_date_gmt>
		<wp:comment_status>open</wp:comment_status>
		<wp:ping_status>open</wp:ping_status>
		<wp:post_name>voluptatem-accusantium</wp:post_name>
		<wp:status>publish</wp:status>
		<wp:post_parent>0</wp:post_parent>
		<wp:menu_order>0</wp:menu_order>
		<wp:post_type>post</wp:post_type>
		<wp:post_password></wp:post_password>
		<wp:is_sticky>0</wp:is_sticky>
		<category domain="post_tag" nicename="event-planner"><![CDATA[Event Planner]]></category>
		<category domain="category" nicename="high-speed"><![CDATA[High speed]]></category>
		<category domain="category" nicename="uncategorized"><![CDATA[Sport]]></category>
		<category domain="category" nicename="sport-game"><![CDATA[Sport Game]]></category>
		<category domain="post_tag" nicename="training-courses"><![CDATA[Training Courses]]></category>
		<wp:postmeta>
			<wp:meta_key>start_day</wp:meta_key>
			<wp:meta_value><![CDATA[]]></wp:meta_value>
		</wp:postmeta>
		<wp:postmeta>
			<wp:meta_key>venue</wp:meta_key>
			<wp:meta_value><![CDATA[]]></wp:meta_value>
		</wp:postmeta>
		<wp:postmeta>
			<wp:meta_key>end_day</wp:meta_key>
			<wp:meta_value><![CDATA[]]></wp:meta_value>
		</wp:postmeta>
		<wp:postmeta>
			<wp:meta_key>_edit_last</wp:meta_key>
			<wp:meta_value><![CDATA[2]]></wp:meta_value>
		</wp:postmeta>
		<wp:postmeta>
			<wp:meta_key>_thumbnail_id</wp:meta_key>
			<wp:meta_value><![CDATA[3106]]></wp:meta_value>
		</wp:postmeta>
		<wp:postmeta>
			<wp:meta_key>google_shortcode</wp:meta_key>
			<wp:meta_value><![CDATA[]]></wp:meta_value>
		</wp:postmeta>
		<wp:postmeta>
			<wp:meta_key>_wpb_vc_js_status</wp:meta_key>
			<wp:meta_value><![CDATA[false]]></wp:meta_value>
		</wp:postmeta>
		<wp:postmeta>
			<wp:meta_key>_wpb_vc_js_interface_version</wp:meta_key>
			<wp:meta_value><![CDATA[]]></wp:meta_value>
		</wp:postmeta>
		<wp:postmeta>
			<wp:meta_key>background</wp:meta_key>
			<wp:meta_value><![CDATA[a:5:{s:16:"background-color";s:0:"";s:17:"background-repeat";s:0:"";s:21:"background-attachment";s:0:"";s:19:"background-position";s:0:"";s:16:"background-image";s:0:"";}]]></wp:meta_value>
		</wp:postmeta>
		<wp:postmeta>
			<wp:meta_key>show_hide_social</wp:meta_key>
			<wp:meta_value><![CDATA[def]]></wp:meta_value>
		</wp:postmeta>
		<wp:postmeta>
			<wp:meta_key>single_post_layout</wp:meta_key>
			<wp:meta_value><![CDATA[def]]></wp:meta_value>
		</wp:postmeta>
		<wp:comment>
			<wp:comment_id>133</wp:comment_id>
			<wp:comment_author><![CDATA[blah]]></wp:comment_author>
			<wp:comment_author_email>the@hotmail.com</wp:comment_author_email>
			<wp:comment_author_url>http://blah</wp:comment_author_url>
			<wp:comment_author_IP>69.76.243.171</wp:comment_author_IP>
			<wp:comment_date>2014-02-18 19:56:26</wp:comment_date>
			<wp:comment_date_gmt>2014-02-18 19:56:26</wp:comment_date_gmt>
			<wp:comment_content><![CDATA[blah]]></wp:comment_content>
			<wp:comment_approved></wp:comment_approved>
			<wp:comment_type></wp:comment_type>
			<wp:comment_parent>0</wp:comment_parent>
			<wp:comment_user_id>0</wp:comment_user_id>
		</wp:comment>
		<wp:comment>
			<wp:comment_id>177</wp:comment_id>
			<wp:comment_author><![CDATA[Jack]]></wp:comment_author>
			<wp:comment_author_email>jack@asd.com</wp:comment_author_email>
			<wp:comment_author_url></wp:comment_author_url>
			<wp:comment_author_IP>119.56.125.181</wp:comment_author_IP>
			<wp:comment_date>2015-01-08 04:16:18</wp:comment_date>
			<wp:comment_date_gmt>2015-01-08 04:16:18</wp:comment_date_gmt>
			<wp:comment_content><![CDATA[asdasd]]></wp:comment_content>
			<wp:comment_approved>0</wp:comment_approved>
			<wp:comment_type></wp:comment_type>
			<wp:comment_parent>0</wp:comment_parent>
			<wp:comment_user_id>0</wp:comment_user_id>
			<wp:commentmeta>
				<wp:meta_key>akismet_error</wp:meta_key>
				<wp:meta_value><![CDATA[1420690578]]></wp:meta_value>
			</wp:commentmeta>
			<wp:commentmeta>
				<wp:meta_key>akismet_history</wp:meta_key>
				<wp:meta_value><![CDATA[a:4:{s:4:"time";d:1420690578.908143;s:7:"message";s:99:"Akismet was unable to check this comment (response: invalid), will automatically retry again later.";s:5:"event";s:11:"check-error";s:4:"user";s:0:"";}]]></wp:meta_value>
			</wp:commentmeta>
		</wp:comment>
		<wp:comment>
			<wp:comment_id>178</wp:comment_id>
			<wp:comment_author><![CDATA[Jack]]></wp:comment_author>
			<wp:comment_author_email>jack@asd.com</wp:comment_author_email>
			<wp:comment_author_url></wp:comment_author_url>
			<wp:comment_author_IP>119.56.125.181</wp:comment_author_IP>
			<wp:comment_date>2015-01-08 04:16:35</wp:comment_date>
			<wp:comment_date_gmt>2015-01-08 04:16:35</wp:comment_date_gmt>
			<wp:comment_content><![CDATA[asdasd]]></wp:comment_content>
			<wp:comment_approved>0</wp:comment_approved>
			<wp:comment_type></wp:comment_type>
			<wp:comment_parent>177</wp:comment_parent>
			<wp:comment_user_id>0</wp:comment_user_id>
			<wp:commentmeta>
				<wp:meta_key>akismet_error</wp:meta_key>
				<wp:meta_value><![CDATA[1420690595]]></wp:meta_value>
			</wp:commentmeta>
			<wp:commentmeta>
				<wp:meta_key>akismet_history</wp:meta_key>
				<wp:meta_value><![CDATA[a:4:{s:4:"time";d:1420690595.1094379;s:7:"message";s:99:"Akismet was unable to check this comment (response: invalid), will automatically retry again later.";s:5:"event";s:11:"check-error";s:4:"user";s:0:"";}]]></wp:meta_value>
			</wp:commentmeta>
		</wp:comment>
	</item>
	<item>
		<title>Never Give Up On Yourself</title>
		<link>http://demo.cactusthemes.com/gpdark/ut-enim-ad-minima/</link>
		<pubDate>Mon, 12 Aug 2013 07:44:44 +0000</pubDate>
		<dc:creator><![CDATA[vantrimaster]]></dc:creator>
		<guid isPermaLink="false">http://demo.cactusthemes.com/gameplan/?p=1738</guid>
		<description></description>
		<content:encoded><![CDATA[<a href="http://demo.cactusthemes.com/gameplan/wp-content/uploads/2013/08/Blog-5-running-woman.jpg"><img class="alignnone size-full wp-image-3104" alt="Blog 5-running-woman" src="http://demo.cactusthemes.com/gameplan/wp-content/uploads/2013/08/Blog-5-running-woman.jpg" width="1260" height="900" /></a>

Neque porro quisquam est, qui dolorem ipsum quia dolor sit amet, consectetur, adipisci velit, sed quia non numquam eius modi tempora incidunt ut labore et dolore magnam aliquam quaerat voluptatem.

Lorem ipsum dolor sit amet, consectetur adipisicing elit, sed do eiusmod tempor incididunt ut labore et dolore magna aliqua. Ut enim ad minim veniam, quis nostrud exercitation ullamco laboris nisi ut aliquip ex ea commodo consequat. Duis aute irure dolor in reprehenderit in voluptate velit esse cillum dolore eu fugiat nulla pariatur. Excepteur sint occaecat cupidatat non proident, sunt in culpa qui officia deserunt mollit anim id est laborum.]]></content:encoded>
		<excerpt:encoded><![CDATA[Neque porro quisquam est, qui dolorem ipsum quia dolor sit amet, consectetur, adipisci velit, sed quia non numquam eius modi tempora.]]></excerpt:encoded>
		<wp:post_id>1738</wp:post_id>
		<wp:post_date>2013-08-12 07:44:44</wp:post_date>
		<wp:post_date_gmt>2013-08-12 07:44:44</wp:post_date_gmt>
		<wp:comment_status>open</wp:comment_status>
		<wp:ping_status>open</wp:ping_status>
		<wp:post_name>ut-enim-ad-minima</wp:post_name>
		<wp:status>publish</wp:status>
		<wp:post_parent>0</wp:post_parent>
		<wp:menu_order>0</wp:menu_order>
		<wp:post_type>post</wp:post_type>
		<wp:post_password></wp:post_password>
		<wp:is_sticky>1</wp:is_sticky>
		<category domain="post_tag" nicename="event-planner"><![CDATA[Event Planner]]></category>
		<category domain="category" nicename="high-speed"><![CDATA[High speed]]></category>
		<category domain="category" nicename="luxury"><![CDATA[Luxury]]></category>
		<category domain="category" nicename="uncategorized"><![CDATA[Sport]]></category>
		<category domain="post_tag" nicename="sport-games"><![CDATA[Sport Games]]></category>
		<category domain="post_tag" nicename="tag2"><![CDATA[tag2]]></category>
		<wp:postmeta>
			<wp:meta_key>start_day</wp:meta_key>
			<wp:meta_value><![CDATA[]]></wp:meta_value>
		</wp:postmeta>
		<wp:postmeta>
			<wp:meta_key>venue</wp:meta_key>
			<wp:meta_value><![CDATA[]]></wp:meta_value>
		</wp:postmeta>
		<wp:postmeta>
			<wp:meta_key>end_day</wp:meta_key>
			<wp:meta_value><![CDATA[]]></wp:meta_value>
		</wp:postmeta>
		<wp:postmeta>
			<wp:meta_key>_edit_last</wp:meta_key>
			<wp:meta_value><![CDATA[2]]></wp:meta_value>
		</wp:postmeta>
		<wp:postmeta>
			<wp:meta_key>_wpb_vc_js_status</wp:meta_key>
			<wp:meta_value><![CDATA[false]]></wp:meta_value>
		</wp:postmeta>
		<wp:postmeta>
			<wp:meta_key>_wpb_vc_js_interface_version</wp:meta_key>
			<wp:meta_value><![CDATA[]]></wp:meta_value>
		</wp:postmeta>
		<wp:postmeta>
			<wp:meta_key>google_shortcode</wp:meta_key>
			<wp:meta_value><![CDATA[]]></wp:meta_value>
		</wp:postmeta>
		<wp:postmeta>
			<wp:meta_key>background</wp:meta_key>
			<wp:meta_value><![CDATA[a:5:{s:16:"background-color";s:0:"";s:17:"background-repeat";s:0:"";s:21:"background-attachment";s:0:"";s:19:"background-position";s:0:"";s:16:"background-image";s:0:"";}]]></wp:meta_value>
		</wp:postmeta>
		<wp:postmeta>
			<wp:meta_key>single_post_layout</wp:meta_key>
			<wp:meta_value><![CDATA[def]]></wp:meta_value>
		</wp:postmeta>
		<wp:postmeta>
			<wp:meta_key>show_hide_social</wp:meta_key>
			<wp:meta_value><![CDATA[def]]></wp:meta_value>
		</wp:postmeta>
		<wp:postmeta>
			<wp:meta_key>_thumbnail_id</wp:meta_key>
			<wp:meta_value><![CDATA[3104]]></wp:meta_value>
		</wp:postmeta>
		<wp:comment>
			<wp:comment_id>130</wp:comment_id>
			<wp:comment_author><![CDATA[Med]]></wp:comment_author>
			<wp:comment_author_email>hungltmed@yahoo.com</wp:comment_author_email>
			<wp:comment_author_url>http://cactusthemes.com</wp:comment_author_url>
			<wp:comment_author_IP>14.160.27.108</wp:comment_author_IP>
			<wp:comment_date>2014-01-24 03:51:08</wp:comment_date>
			<wp:comment_date_gmt>2014-01-24 03:51:08</wp:comment_date_gmt>
			<wp:comment_content><![CDATA[This is comment]]></wp:comment_content>
			<wp:comment_approved></wp:comment_approved>
			<wp:comment_type></wp:comment_type>
			<wp:comment_parent>0</wp:comment_parent>
			<wp:comment_user_id>0</wp:comment_user_id>
		</wp:comment>
		<wp:comment>
			<wp:comment_id>131</wp:comment_id>
			<wp:comment_author><![CDATA[Med]]></wp:comment_author>
			<wp:comment_author_email>hungltmed@yahoo.com</wp:comment_author_email>
			<wp:comment_author_url>http://cactusthemes.com</wp:comment_author_url>
			<wp:comment_author_IP>14.160.27.108</wp:comment_author_IP>
			<wp:comment_date>2014-01-24 03:51:33</wp:comment_date>
			<wp:comment_date_gmt>2014-01-24 03:51:33</wp:comment_date_gmt>
			<wp:comment_content><![CDATA[Comment]]></wp:comment_content>
			<wp:comment_approved></wp:comment_approved>
			<wp:comment_type></wp:comment_type>
			<wp:comment_parent>0</wp:comment_parent>
			<wp:comment_user_id>0</wp:comment_user_id>
		</wp:comment>
		<wp:comment>
			<wp:comment_id>151</wp:comment_id>
			<wp:comment_author><![CDATA[tester]]></wp:comment_author>
			<wp:comment_author_email>tester@gmail.com</wp:comment_author_email>
			<wp:comment_author_url>http://tester.com</wp:comment_author_url>
			<wp:comment_author_IP>103.26.193.4</wp:comment_author_IP>
			<wp:comment_date>2014-05-31 12:51:08</wp:comment_date>
			<wp:comment_date_gmt>2014-05-31 12:51:08</wp:comment_date_gmt>
			<wp:comment_content><![CDATA[Far far away, behind the word mountains, far from the countries Vokalia and Consonantia, there live the blind texts. Separated they live in Bookmarksgrove right at the coast of the Semantics, a large language ocean.]]></wp:comment_content>
			<wp:comment_approved></wp:comment_approved>
			<wp:comment_type></wp:comment_type>
			<wp:comment_parent>0</wp:comment_parent>
			<wp:comment_user_id>0</wp:comment_user_id>
		</wp:comment>
	</item>
	<item>
		<title></title>
		<link>http://demo.cactusthemes.com/gpdark/?p=4336</link>
		<pubDate>Wed, 30 Nov -0001 00:00:00 +0000</pubDate>
		<dc:creator><![CDATA[cactusthemes]]></dc:creator>
		<guid isPermaLink="false">http://demo.cactusthemes.com/gpdark/?p=4336</guid>
		<description></description>
		<content:encoded><![CDATA[[vc_row][vc_column width="1/1"][vc_column_text]

I am text block. Click edit button to change this text. Lorem ipsum dolor sit amet, consectetur adipiscing elit. Ut elit tellus, luctus nec ullamcorper mattis, pulvinar dapibus leo.

[/vc_column_text][/vc_column][/vc_row]]]></content:encoded>
		<excerpt:encoded><![CDATA[]]></excerpt:encoded>
		<wp:post_id>4336</wp:post_id>
		<wp:post_date>2014-05-20 01:52:40</wp:post_date>
		<wp:post_date_gmt>0000-00-00 00:00:00</wp:post_date_gmt>
		<wp:comment_status>open</wp:comment_status>
		<wp:ping_status>open</wp:ping_status>
		<wp:post_name></wp:post_name>
		<wp:status>draft</wp:status>
		<wp:post_parent>0</wp:post_parent>
		<wp:menu_order>0</wp:menu_order>
		<wp:post_type>post</wp:post_type>
		<wp:post_password></wp:post_password>
		<wp:is_sticky>0</wp:is_sticky>
		<category domain="category" nicename="uncategorized"><![CDATA[Sport]]></category>
		<wp:postmeta>
			<wp:meta_key>_edit_last</wp:meta_key>
			<wp:meta_value><![CDATA[9]]></wp:meta_value>
		</wp:postmeta>
	</item>
</channel>
</rss>
