<?xml version="1.0" encoding="UTF-8" ?>
<!-- This is a WordPress eXtended RSS file generated by WordPress as an export of your site. -->
<!-- It contains information about your site's posts, pages, comments, categories, and other content. -->
<!-- You may use this file to transfer that content from one site to another. -->
<!-- This file is not intended to serve as a complete backup of your site. -->

<!-- To import this information into a WordPress site follow these steps: -->
<!-- 1. Log in to that site as an administrator. -->
<!-- 2. Go to Tools: Import in the WordPress admin panel. -->
<!-- 3. Install the "WordPress" importer from the list. -->
<!-- 4. Activate & Run Importer. -->
<!-- 5. Upload this file using the form provided on that page. -->
<!-- 6. You will first be asked to map the authors in this export file to users -->
<!--    on the site. For each author, you may choose to map to an -->
<!--    existing user on the site or to create a new user. -->
<!-- 7. WordPress will then import each of the posts, pages, comments, categories, etc. -->
<!--    contained in this file into your site. -->

<!-- generator="WordPress/4.0" created="2014-09-12 10:31" -->
<rss version="2.0"
	xmlns:excerpt="http://wordpress.org/export/1.2/excerpt/"
	xmlns:content="http://purl.org/rss/1.0/modules/content/"
	xmlns:wfw="http://wellformedweb.org/CommentAPI/"
	xmlns:dc="http://purl.org/dc/elements/1.1/"
	xmlns:wp="http://wordpress.org/export/1.2/"
>

<channel>
	<title>GamePlan - Responsive Wordpress Theme</title>
	<link>http://demo.cactusthemes.com/gpdark</link>
	<description>Just another WordPress site</description>
	<pubDate>Fri, 12 Sep 2014 10:31:11 +0000</pubDate>
	<language>en-US</language>
	<wp:wxr_version>1.2</wp:wxr_version>
	<wp:base_site_url>http://demo.cactusthemes.com/gpdark</wp:base_site_url>
	<wp:base_blog_url>http://demo.cactusthemes.com/gpdark</wp:base_blog_url>

	<wp:author><wp:author_id>2</wp:author_id><wp:author_login>vantrimaster</wp:author_login><wp:author_email>tri.nv@goimon.vn</wp:author_email><wp:author_display_name><![CDATA[Tony Brosnan]]></wp:author_display_name><wp:author_first_name><![CDATA[Tri]]></wp:author_first_name><wp:author_last_name><![CDATA[Nguyen]]></wp:author_last_name></wp:author>


	<generator>http://wordpress.org/?v=4.0</generator>

	<item>
				<title>Letterman Jacket</title>
		<link>http://demo.cactusthemes.com/gpdark/product/letterman-jacket/</link>
		<pubDate>Wed, 15 Jan 2014 10:00:21 +0000</pubDate>
		<dc:creator><![CDATA[vantrimaster]]></dc:creator>
		<guid isPermaLink="false">http://demo.cactusthemes.com/gpdark/?post_type=product&#038;p=4193</guid>
		<description></description>
		<content:encoded><![CDATA[Lorem ipsum dolor sit amet, consectetur adipisicing elit, sed do eiusmod tempor incididunt ut labore et dolore magna aliqua. Ut enim ad minim veniam, quis nostrud exercitation ullamco laboris nisi ut aliquip ex ea commodo consequat. Duis aute irure dolor in reprehenderit in voluptate velit esse cillum dolore eu fugiat nulla pariatur. Excepteur sint occaecat cupidatat non proident, sunt in culpa qui officia deserunt mollit anim id est laborum.

Duis aute irure dolor in reprehenderit in voluptate velit esse cillum dolore eu fugiat nulla pariatur. Excepteur sint occaecat cupidatat non proident, sunt in culpa qui officia deserunt mollit anim id est laborum.]]></content:encoded>
		<excerpt:encoded><![CDATA[Lorem ipsum dolor sit amet, consectetur adipisicing elit, sed do eiusmod tempor incididunt ut labore et dolore magna aliqua. Ut enim ad minim veniam, quis nostrud exercitation ullamco laboris nisi ut aliquip ex ea commodo consequat.]]></excerpt:encoded>
		<wp:post_id>4193</wp:post_id>
		<wp:post_date>2014-01-15 10:00:21</wp:post_date>
		<wp:post_date_gmt>2014-01-15 10:00:21</wp:post_date_gmt>
		<wp:comment_status>open</wp:comment_status>
		<wp:ping_status>closed</wp:ping_status>
		<wp:post_name>letterman-jacket</wp:post_name>
		<wp:status>publish</wp:status>
		<wp:post_parent>0</wp:post_parent>
		<wp:menu_order>0</wp:menu_order>
		<wp:post_type>product</wp:post_type>
		<wp:post_password></wp:post_password>
		<wp:is_sticky>0</wp:is_sticky>
		<category domain="product_tag" nicename="men"><![CDATA[Men]]></category>
		<category domain="product_cat" nicename="men-clothes"><![CDATA[Men Clothes]]></category>
		<category domain="product_type" nicename="variable"><![CDATA[variable]]></category>
		<wp:postmeta>
			<wp:meta_key>_default_attributes</wp:meta_key>
			<wp:meta_value><![CDATA[a:0:{}]]></wp:meta_value>
		</wp:postmeta>
		<wp:postmeta>
			<wp:meta_key>_max_variation_sale_price</wp:meta_key>
			<wp:meta_value><![CDATA[159]]></wp:meta_value>
		</wp:postmeta>
		<wp:postmeta>
			<wp:meta_key>_min_variation_sale_price</wp:meta_key>
			<wp:meta_value><![CDATA[159]]></wp:meta_value>
		</wp:postmeta>
		<wp:postmeta>
			<wp:meta_key>_max_variation_regular_price</wp:meta_key>
			<wp:meta_value><![CDATA[199]]></wp:meta_value>
		</wp:postmeta>
		<wp:postmeta>
			<wp:meta_key>_min_variation_regular_price</wp:meta_key>
			<wp:meta_value><![CDATA[199]]></wp:meta_value>
		</wp:postmeta>
		<wp:postmeta>
			<wp:meta_key>_max_variation_price</wp:meta_key>
			<wp:meta_value><![CDATA[159]]></wp:meta_value>
		</wp:postmeta>
		<wp:postmeta>
			<wp:meta_key>_manage_stock</wp:meta_key>
			<wp:meta_value><![CDATA[no]]></wp:meta_value>
		</wp:postmeta>
		<wp:postmeta>
			<wp:meta_key>_stock</wp:meta_key>
			<wp:meta_value><![CDATA[]]></wp:meta_value>
		</wp:postmeta>
		<wp:postmeta>
			<wp:meta_key>_backorders</wp:meta_key>
			<wp:meta_value><![CDATA[no]]></wp:meta_value>
		</wp:postmeta>
		<wp:postmeta>
			<wp:meta_key>_sold_individually</wp:meta_key>
			<wp:meta_value><![CDATA[]]></wp:meta_value>
		</wp:postmeta>
		<wp:postmeta>
			<wp:meta_key>_price</wp:meta_key>
			<wp:meta_value><![CDATA[159]]></wp:meta_value>
		</wp:postmeta>
		<wp:postmeta>
			<wp:meta_key>_min_variation_price</wp:meta_key>
			<wp:meta_value><![CDATA[159]]></wp:meta_value>
		</wp:postmeta>
		<wp:postmeta>
			<wp:meta_key>_sale_price_dates_to</wp:meta_key>
			<wp:meta_value><![CDATA[]]></wp:meta_value>
		</wp:postmeta>
		<wp:postmeta>
			<wp:meta_key>_sale_price_dates_from</wp:meta_key>
			<wp:meta_value><![CDATA[]]></wp:meta_value>
		</wp:postmeta>
		<wp:postmeta>
			<wp:meta_key>_product_attributes</wp:meta_key>
			<wp:meta_value><![CDATA[a:3:{s:5:"color";a:6:{s:4:"name";s:5:"Color";s:5:"value";s:18:"Blue | Green | Red";s:8:"position";s:1:"0";s:10:"is_visible";i:1;s:12:"is_variation";i:1;s:11:"is_taxonomy";i:0;}s:4:"size";a:6:{s:4:"name";s:4:"Size";s:5:"value";s:10:"M | L | XL";s:8:"position";s:1:"1";s:10:"is_visible";i:1;s:12:"is_variation";i:1;s:11:"is_taxonomy";i:0;}s:10:"product-of";a:6:{s:4:"name";s:10:"Product of";s:5:"value";s:9:"Australia";s:8:"position";s:1:"2";s:10:"is_visible";i:1;s:12:"is_variation";i:0;s:11:"is_taxonomy";i:0;}}]]></wp:meta_value>
		</wp:postmeta>
		<wp:postmeta>
			<wp:meta_key>_sku</wp:meta_key>
			<wp:meta_value><![CDATA[W-001]]></wp:meta_value>
		</wp:postmeta>
		<wp:postmeta>
			<wp:meta_key>_edit_last</wp:meta_key>
			<wp:meta_value><![CDATA[2]]></wp:meta_value>
		</wp:postmeta>
		<wp:postmeta>
			<wp:meta_key>_width</wp:meta_key>
			<wp:meta_value><![CDATA[]]></wp:meta_value>
		</wp:postmeta>
		<wp:postmeta>
			<wp:meta_key>_height</wp:meta_key>
			<wp:meta_value><![CDATA[]]></wp:meta_value>
		</wp:postmeta>
		<wp:postmeta>
			<wp:meta_key>attribute_size</wp:meta_key>
			<wp:meta_value><![CDATA[M]]></wp:meta_value>
		</wp:postmeta>
		<wp:postmeta>
			<wp:meta_key>attribute_color</wp:meta_key>
			<wp:meta_value><![CDATA[Blue]]></wp:meta_value>
		</wp:postmeta>
		<wp:postmeta>
			<wp:meta_key>attribute_size</wp:meta_key>
			<wp:meta_value><![CDATA[L]]></wp:meta_value>
		</wp:postmeta>
		<wp:postmeta>
			<wp:meta_key>_thumbnail_id</wp:meta_key>
			<wp:meta_value><![CDATA[4194]]></wp:meta_value>
		</wp:postmeta>
		<wp:postmeta>
			<wp:meta_key>attribute_size</wp:meta_key>
			<wp:meta_value><![CDATA[XL]]></wp:meta_value>
		</wp:postmeta>
		<wp:postmeta>
			<wp:meta_key>attribute_color</wp:meta_key>
			<wp:meta_value><![CDATA[Green]]></wp:meta_value>
		</wp:postmeta>
		<wp:postmeta>
			<wp:meta_key>attribute_color</wp:meta_key>
			<wp:meta_value><![CDATA[Red]]></wp:meta_value>
		</wp:postmeta>
		<wp:postmeta>
			<wp:meta_key>_visibility</wp:meta_key>
			<wp:meta_value><![CDATA[visible]]></wp:meta_value>
		</wp:postmeta>
		<wp:postmeta>
			<wp:meta_key>_stock_status</wp:meta_key>
			<wp:meta_value><![CDATA[instock]]></wp:meta_value>
		</wp:postmeta>
		<wp:postmeta>
			<wp:meta_key>total_sales</wp:meta_key>
			<wp:meta_value><![CDATA[1]]></wp:meta_value>
		</wp:postmeta>
		<wp:postmeta>
			<wp:meta_key>_downloadable</wp:meta_key>
			<wp:meta_value><![CDATA[no]]></wp:meta_value>
		</wp:postmeta>
		<wp:postmeta>
			<wp:meta_key>_virtual</wp:meta_key>
			<wp:meta_value><![CDATA[no]]></wp:meta_value>
		</wp:postmeta>
		<wp:postmeta>
			<wp:meta_key>_product_image_gallery</wp:meta_key>
			<wp:meta_value><![CDATA[4194,4195,4196]]></wp:meta_value>
		</wp:postmeta>
		<wp:postmeta>
			<wp:meta_key>_regular_price</wp:meta_key>
			<wp:meta_value><![CDATA[]]></wp:meta_value>
		</wp:postmeta>
		<wp:postmeta>
			<wp:meta_key>_sale_price</wp:meta_key>
			<wp:meta_value><![CDATA[]]></wp:meta_value>
		</wp:postmeta>
		<wp:postmeta>
			<wp:meta_key>_purchase_note</wp:meta_key>
			<wp:meta_value><![CDATA[]]></wp:meta_value>
		</wp:postmeta>
		<wp:postmeta>
			<wp:meta_key>_featured</wp:meta_key>
			<wp:meta_value><![CDATA[no]]></wp:meta_value>
		</wp:postmeta>
		<wp:postmeta>
			<wp:meta_key>_weight</wp:meta_key>
			<wp:meta_value><![CDATA[]]></wp:meta_value>
		</wp:postmeta>
		<wp:postmeta>
			<wp:meta_key>_length</wp:meta_key>
			<wp:meta_value><![CDATA[]]></wp:meta_value>
		</wp:postmeta>
		<wp:postmeta>
			<wp:meta_key>_min_price_variation_id</wp:meta_key>
			<wp:meta_value><![CDATA[4201]]></wp:meta_value>
		</wp:postmeta>
		<wp:postmeta>
			<wp:meta_key>_max_price_variation_id</wp:meta_key>
			<wp:meta_value><![CDATA[4201]]></wp:meta_value>
		</wp:postmeta>
		<wp:postmeta>
			<wp:meta_key>_min_regular_price_variation_id</wp:meta_key>
			<wp:meta_value><![CDATA[4201]]></wp:meta_value>
		</wp:postmeta>
		<wp:postmeta>
			<wp:meta_key>_max_regular_price_variation_id</wp:meta_key>
			<wp:meta_value><![CDATA[4201]]></wp:meta_value>
		</wp:postmeta>
		<wp:postmeta>
			<wp:meta_key>_min_sale_price_variation_id</wp:meta_key>
			<wp:meta_value><![CDATA[4201]]></wp:meta_value>
		</wp:postmeta>
		<wp:postmeta>
			<wp:meta_key>_max_sale_price_variation_id</wp:meta_key>
			<wp:meta_value><![CDATA[4201]]></wp:meta_value>
		</wp:postmeta>
		<wp:comment>
			<wp:comment_id>124</wp:comment_id>
			<wp:comment_author><![CDATA[Tony Brosnan]]></wp:comment_author>
			<wp:comment_author_email>tri.nv@goimon.vn</wp:comment_author_email>
			<wp:comment_author_url>http://www.cactusthemes.com</wp:comment_author_url>
			<wp:comment_author_IP>113.190.238.11</wp:comment_author_IP>
			<wp:comment_date>2014-01-15 10:28:18</wp:comment_date>
			<wp:comment_date_gmt>2014-01-15 10:28:18</wp:comment_date_gmt>
			<wp:comment_content><![CDATA[This is a sample review quis nostrud exercitation ullamco laboris nisi ut aliquip ex ea commodo consequat]]></wp:comment_content>
			<wp:comment_approved>1</wp:comment_approved>
			<wp:comment_type></wp:comment_type>
			<wp:comment_parent>0</wp:comment_parent>
			<wp:comment_user_id>2</wp:comment_user_id>
			<wp:commentmeta>
				<wp:meta_key>rating</wp:meta_key>
				<wp:meta_value><![CDATA[5]]></wp:meta_value>
			</wp:commentmeta>
		</wp:comment>
	</item>
	<item>
				<title>Cargo 3-4 Pants</title>
		<link>http://demo.cactusthemes.com/gpdark/product/cargo-3-4-pants/</link>
		<pubDate>Wed, 15 Jan 2014 10:47:47 +0000</pubDate>
		<dc:creator><![CDATA[vantrimaster]]></dc:creator>
		<guid isPermaLink="false">http://demo.cactusthemes.com/gpdark/?post_type=product&#038;p=4205</guid>
		<description></description>
		<content:encoded><![CDATA[Lorem ipsum dolor sit amet, consectetur adipisicing elit, sed do eiusmod tempor incididunt ut labore et dolore magna aliqua. Ut enim ad minim veniam, quis nostrud exercitation ullamco laboris nisi ut aliquip ex ea commodo consequat.

Sed ut perspiciatis unde omnis iste natus error sit voluptatem accusantium doloremque laudantium, totam rem aperiam, eaque ipsa quae ab illo inventore veritatis et quasi architecto beatae vitae dicta sunt explicabo. Nemo enim ipsam voluptatem quia voluptas sit aspernatur aut odit aut fugit, sed quia consequuntur magni dolores eos qui ratione voluptatem sequi nesciunt. Neque porro quisquam est, qui dolorem ipsum quia dolor sit amet, consectetur, adipisci velit, sed quia non numquam eius modi tempora incidunt ut labore et dolore magnam aliquam quaerat voluptatem.]]></content:encoded>
		<excerpt:encoded><![CDATA[Neque porro quisquam est, qui dolorem ipsum quia dolor sit amet, consectetur, adipisci velit, sed quia non numquam eius modi tempora incidunt ut labore et dolore magnam aliquam quaerat voluptatem.]]></excerpt:encoded>
		<wp:post_id>4205</wp:post_id>
		<wp:post_date>2014-01-15 10:47:47</wp:post_date>
		<wp:post_date_gmt>2014-01-15 10:47:47</wp:post_date_gmt>
		<wp:comment_status>open</wp:comment_status>
		<wp:ping_status>closed</wp:ping_status>
		<wp:post_name>cargo-3-4-pants</wp:post_name>
		<wp:status>publish</wp:status>
		<wp:post_parent>0</wp:post_parent>
		<wp:menu_order>0</wp:menu_order>
		<wp:post_type>product</wp:post_type>
		<wp:post_password></wp:post_password>
		<wp:is_sticky>0</wp:is_sticky>
		<category domain="product_cat" nicename="men-clothes"><![CDATA[Men Clothes]]></category>
		<category domain="product_type" nicename="variable"><![CDATA[variable]]></category>
		<wp:postmeta>
			<wp:meta_key>_stock_status</wp:meta_key>
			<wp:meta_value><![CDATA[instock]]></wp:meta_value>
		</wp:postmeta>
		<wp:postmeta>
			<wp:meta_key>total_sales</wp:meta_key>
			<wp:meta_value><![CDATA[0]]></wp:meta_value>
		</wp:postmeta>
		<wp:postmeta>
			<wp:meta_key>_downloadable</wp:meta_key>
			<wp:meta_value><![CDATA[no]]></wp:meta_value>
		</wp:postmeta>
		<wp:postmeta>
			<wp:meta_key>_length</wp:meta_key>
			<wp:meta_value><![CDATA[]]></wp:meta_value>
		</wp:postmeta>
		<wp:postmeta>
			<wp:meta_key>_width</wp:meta_key>
			<wp:meta_value><![CDATA[]]></wp:meta_value>
		</wp:postmeta>
		<wp:postmeta>
			<wp:meta_key>_height</wp:meta_key>
			<wp:meta_value><![CDATA[]]></wp:meta_value>
		</wp:postmeta>
		<wp:postmeta>
			<wp:meta_key>_sku</wp:meta_key>
			<wp:meta_value><![CDATA[W-002]]></wp:meta_value>
		</wp:postmeta>
		<wp:postmeta>
			<wp:meta_key>_sale_price_dates_from</wp:meta_key>
			<wp:meta_value><![CDATA[]]></wp:meta_value>
		</wp:postmeta>
		<wp:postmeta>
			<wp:meta_key>_sale_price_dates_to</wp:meta_key>
			<wp:meta_value><![CDATA[]]></wp:meta_value>
		</wp:postmeta>
		<wp:postmeta>
			<wp:meta_key>_price</wp:meta_key>
			<wp:meta_value><![CDATA[29]]></wp:meta_value>
		</wp:postmeta>
		<wp:postmeta>
			<wp:meta_key>_sold_individually</wp:meta_key>
			<wp:meta_value><![CDATA[]]></wp:meta_value>
		</wp:postmeta>
		<wp:postmeta>
			<wp:meta_key>_stock</wp:meta_key>
			<wp:meta_value><![CDATA[]]></wp:meta_value>
		</wp:postmeta>
		<wp:postmeta>
			<wp:meta_key>_default_attributes</wp:meta_key>
			<wp:meta_value><![CDATA[a:0:{}]]></wp:meta_value>
		</wp:postmeta>
		<wp:postmeta>
			<wp:meta_key>_max_variation_sale_price</wp:meta_key>
			<wp:meta_value><![CDATA[29]]></wp:meta_value>
		</wp:postmeta>
		<wp:postmeta>
			<wp:meta_key>_min_variation_sale_price</wp:meta_key>
			<wp:meta_value><![CDATA[29]]></wp:meta_value>
		</wp:postmeta>
		<wp:postmeta>
			<wp:meta_key>_sale_price</wp:meta_key>
			<wp:meta_value><![CDATA[]]></wp:meta_value>
		</wp:postmeta>
		<wp:postmeta>
			<wp:meta_key>_regular_price</wp:meta_key>
			<wp:meta_value><![CDATA[]]></wp:meta_value>
		</wp:postmeta>
		<wp:postmeta>
			<wp:meta_key>_virtual</wp:meta_key>
			<wp:meta_value><![CDATA[no]]></wp:meta_value>
		</wp:postmeta>
		<wp:postmeta>
			<wp:meta_key>_product_image_gallery</wp:meta_key>
			<wp:meta_value><![CDATA[4208,4209,4210]]></wp:meta_value>
		</wp:postmeta>
		<wp:postmeta>
			<wp:meta_key>_visibility</wp:meta_key>
			<wp:meta_value><![CDATA[visible]]></wp:meta_value>
		</wp:postmeta>
		<wp:postmeta>
			<wp:meta_key>_edit_last</wp:meta_key>
			<wp:meta_value><![CDATA[2]]></wp:meta_value>
		</wp:postmeta>
		<wp:postmeta>
			<wp:meta_key>_product_attributes</wp:meta_key>
			<wp:meta_value><![CDATA[a:3:{s:5:"color";a:6:{s:4:"name";s:5:"Color";s:5:"value";s:19:"Blue | Grey | Brown";s:8:"position";s:1:"0";s:10:"is_visible";i:1;s:12:"is_variation";i:1;s:11:"is_taxonomy";i:0;}s:4:"size";a:6:{s:4:"name";s:4:"Size";s:5:"value";s:16:"M | L | XL | XXL";s:8:"position";s:1:"1";s:10:"is_visible";i:1;s:12:"is_variation";i:1;s:11:"is_taxonomy";i:0;}s:10:"product-of";a:6:{s:4:"name";s:10:"Product of";s:5:"value";s:13:"United States";s:8:"position";s:1:"2";s:10:"is_visible";i:1;s:12:"is_variation";i:0;s:11:"is_taxonomy";i:0;}}]]></wp:meta_value>
		</wp:postmeta>
		<wp:postmeta>
			<wp:meta_key>_max_variation_regular_price</wp:meta_key>
			<wp:meta_value><![CDATA[59]]></wp:meta_value>
		</wp:postmeta>
		<wp:postmeta>
			<wp:meta_key>_max_variation_price</wp:meta_key>
			<wp:meta_value><![CDATA[29]]></wp:meta_value>
		</wp:postmeta>
		<wp:postmeta>
			<wp:meta_key>_min_variation_regular_price</wp:meta_key>
			<wp:meta_value><![CDATA[59]]></wp:meta_value>
		</wp:postmeta>
		<wp:postmeta>
			<wp:meta_key>_min_variation_price</wp:meta_key>
			<wp:meta_value><![CDATA[29]]></wp:meta_value>
		</wp:postmeta>
		<wp:postmeta>
			<wp:meta_key>_backorders</wp:meta_key>
			<wp:meta_value><![CDATA[no]]></wp:meta_value>
		</wp:postmeta>
		<wp:postmeta>
			<wp:meta_key>_manage_stock</wp:meta_key>
			<wp:meta_value><![CDATA[no]]></wp:meta_value>
		</wp:postmeta>
		<wp:postmeta>
			<wp:meta_key>_purchase_note</wp:meta_key>
			<wp:meta_value><![CDATA[]]></wp:meta_value>
		</wp:postmeta>
		<wp:postmeta>
			<wp:meta_key>_featured</wp:meta_key>
			<wp:meta_value><![CDATA[no]]></wp:meta_value>
		</wp:postmeta>
		<wp:postmeta>
			<wp:meta_key>_weight</wp:meta_key>
			<wp:meta_value><![CDATA[]]></wp:meta_value>
		</wp:postmeta>
		<wp:postmeta>
			<wp:meta_key>_thumbnail_id</wp:meta_key>
			<wp:meta_value><![CDATA[4210]]></wp:meta_value>
		</wp:postmeta>
		<wp:postmeta>
			<wp:meta_key>_min_price_variation_id</wp:meta_key>
			<wp:meta_value><![CDATA[4206]]></wp:meta_value>
		</wp:postmeta>
		<wp:postmeta>
			<wp:meta_key>_max_price_variation_id</wp:meta_key>
			<wp:meta_value><![CDATA[4206]]></wp:meta_value>
		</wp:postmeta>
		<wp:postmeta>
			<wp:meta_key>_min_regular_price_variation_id</wp:meta_key>
			<wp:meta_value><![CDATA[4206]]></wp:meta_value>
		</wp:postmeta>
		<wp:postmeta>
			<wp:meta_key>_max_regular_price_variation_id</wp:meta_key>
			<wp:meta_value><![CDATA[4206]]></wp:meta_value>
		</wp:postmeta>
		<wp:postmeta>
			<wp:meta_key>_min_sale_price_variation_id</wp:meta_key>
			<wp:meta_value><![CDATA[4206]]></wp:meta_value>
		</wp:postmeta>
		<wp:postmeta>
			<wp:meta_key>_max_sale_price_variation_id</wp:meta_key>
			<wp:meta_value><![CDATA[4206]]></wp:meta_value>
		</wp:postmeta>
	</item>
	<item>
				<title>Cargo Pants</title>
		<link>http://demo.cactusthemes.com/gpdark/product/cargo-pants/</link>
		<pubDate>Wed, 15 Jan 2014 11:06:57 +0000</pubDate>
		<dc:creator><![CDATA[vantrimaster]]></dc:creator>
		<guid isPermaLink="false">http://demo.cactusthemes.com/gpdark/?post_type=product&#038;p=4212</guid>
		<description></description>
		<content:encoded><![CDATA[Lorem ipsum dolor sit amet, consectetur adipisicing elit, sed do eiusmod tempor incididunt ut labore et dolore magna aliqua. Ut enim ad minim veniam, quis nostrud exercitation ullamco laboris nisi ut aliquip ex ea commodo consequat. Duis aute irure dolor in reprehenderit in voluptate velit esse cillum dolore eu fugiat nulla pariatur. Excepteur sint occaecat cupidatat non proident, sunt in culpa qui officia deserunt mollit anim id est laborum.

Duis aute irure dolor in reprehenderit in voluptate velit esse cillum dolore eu fugiat nulla pariatur. Excepteur sint occaecat cupidatat non proident, sunt in culpa qui officia deserunt mollit anim id est laborum.]]></content:encoded>
		<excerpt:encoded><![CDATA[Lorem ipsum dolor sit amet, consectetur adipisicing elit, sed do eiusmod tempor incididunt ut labore et dolore magna aliqua. Ut enim ad minim veniam, quis nostrud exercitation ullamco laboris nisi ut aliquip ex ea commodo consequat.]]></excerpt:encoded>
		<wp:post_id>4212</wp:post_id>
		<wp:post_date>2014-01-15 11:06:57</wp:post_date>
		<wp:post_date_gmt>2014-01-15 11:06:57</wp:post_date_gmt>
		<wp:comment_status>open</wp:comment_status>
		<wp:ping_status>closed</wp:ping_status>
		<wp:post_name>cargo-pants</wp:post_name>
		<wp:status>publish</wp:status>
		<wp:post_parent>0</wp:post_parent>
		<wp:menu_order>0</wp:menu_order>
		<wp:post_type>product</wp:post_type>
		<wp:post_password></wp:post_password>
		<wp:is_sticky>0</wp:is_sticky>
		<category domain="product_tag" nicename="men"><![CDATA[Men]]></category>
		<category domain="product_cat" nicename="men-clothes"><![CDATA[Men Clothes]]></category>
		<category domain="product_type" nicename="simple"><![CDATA[simple]]></category>
		<wp:postmeta>
			<wp:meta_key>_thumbnail_id</wp:meta_key>
			<wp:meta_value><![CDATA[4213]]></wp:meta_value>
		</wp:postmeta>
		<wp:postmeta>
			<wp:meta_key>_visibility</wp:meta_key>
			<wp:meta_value><![CDATA[visible]]></wp:meta_value>
		</wp:postmeta>
		<wp:postmeta>
			<wp:meta_key>_stock_status</wp:meta_key>
			<wp:meta_value><![CDATA[instock]]></wp:meta_value>
		</wp:postmeta>
		<wp:postmeta>
			<wp:meta_key>total_sales</wp:meta_key>
			<wp:meta_value><![CDATA[3]]></wp:meta_value>
		</wp:postmeta>
		<wp:postmeta>
			<wp:meta_key>_downloadable</wp:meta_key>
			<wp:meta_value><![CDATA[no]]></wp:meta_value>
		</wp:postmeta>
		<wp:postmeta>
			<wp:meta_key>_virtual</wp:meta_key>
			<wp:meta_value><![CDATA[no]]></wp:meta_value>
		</wp:postmeta>
		<wp:postmeta>
			<wp:meta_key>_product_image_gallery</wp:meta_key>
			<wp:meta_value><![CDATA[4213,4214,4215]]></wp:meta_value>
		</wp:postmeta>
		<wp:postmeta>
			<wp:meta_key>_regular_price</wp:meta_key>
			<wp:meta_value><![CDATA[69]]></wp:meta_value>
		</wp:postmeta>
		<wp:postmeta>
			<wp:meta_key>_sale_price</wp:meta_key>
			<wp:meta_value><![CDATA[]]></wp:meta_value>
		</wp:postmeta>
		<wp:postmeta>
			<wp:meta_key>_purchase_note</wp:meta_key>
			<wp:meta_value><![CDATA[]]></wp:meta_value>
		</wp:postmeta>
		<wp:postmeta>
			<wp:meta_key>_featured</wp:meta_key>
			<wp:meta_value><![CDATA[no]]></wp:meta_value>
		</wp:postmeta>
		<wp:postmeta>
			<wp:meta_key>_weight</wp:meta_key>
			<wp:meta_value><![CDATA[]]></wp:meta_value>
		</wp:postmeta>
		<wp:postmeta>
			<wp:meta_key>_length</wp:meta_key>
			<wp:meta_value><![CDATA[]]></wp:meta_value>
		</wp:postmeta>
		<wp:postmeta>
			<wp:meta_key>_width</wp:meta_key>
			<wp:meta_value><![CDATA[]]></wp:meta_value>
		</wp:postmeta>
		<wp:postmeta>
			<wp:meta_key>_height</wp:meta_key>
			<wp:meta_value><![CDATA[]]></wp:meta_value>
		</wp:postmeta>
		<wp:postmeta>
			<wp:meta_key>_sku</wp:meta_key>
			<wp:meta_value><![CDATA[W-003]]></wp:meta_value>
		</wp:postmeta>
		<wp:postmeta>
			<wp:meta_key>_product_attributes</wp:meta_key>
			<wp:meta_value><![CDATA[a:3:{s:10:"product-of";a:6:{s:4:"name";s:10:"Product of";s:5:"value";s:9:"Australia";s:8:"position";s:1:"0";s:10:"is_visible";i:1;s:12:"is_variation";i:0;s:11:"is_taxonomy";i:0;}s:7:"made-of";a:6:{s:4:"name";s:7:"Made of";s:5:"value";s:11:"100% Cotton";s:8:"position";s:1:"1";s:10:"is_visible";i:1;s:12:"is_variation";i:0;s:11:"is_taxonomy";i:0;}s:5:"color";a:6:{s:4:"name";s:5:"Color";s:5:"value";s:23:"Yellow | Green | Maroon";s:8:"position";s:1:"2";s:10:"is_visible";i:1;s:12:"is_variation";i:0;s:11:"is_taxonomy";i:0;}}]]></wp:meta_value>
		</wp:postmeta>
		<wp:postmeta>
			<wp:meta_key>_sale_price_dates_from</wp:meta_key>
			<wp:meta_value><![CDATA[]]></wp:meta_value>
		</wp:postmeta>
		<wp:postmeta>
			<wp:meta_key>_sale_price_dates_to</wp:meta_key>
			<wp:meta_value><![CDATA[]]></wp:meta_value>
		</wp:postmeta>
		<wp:postmeta>
			<wp:meta_key>_price</wp:meta_key>
			<wp:meta_value><![CDATA[69]]></wp:meta_value>
		</wp:postmeta>
		<wp:postmeta>
			<wp:meta_key>_sold_individually</wp:meta_key>
			<wp:meta_value><![CDATA[]]></wp:meta_value>
		</wp:postmeta>
		<wp:postmeta>
			<wp:meta_key>_stock</wp:meta_key>
			<wp:meta_value><![CDATA[]]></wp:meta_value>
		</wp:postmeta>
		<wp:postmeta>
			<wp:meta_key>_backorders</wp:meta_key>
			<wp:meta_value><![CDATA[no]]></wp:meta_value>
		</wp:postmeta>
		<wp:postmeta>
			<wp:meta_key>_manage_stock</wp:meta_key>
			<wp:meta_value><![CDATA[no]]></wp:meta_value>
		</wp:postmeta>
		<wp:postmeta>
			<wp:meta_key>_edit_last</wp:meta_key>
			<wp:meta_value><![CDATA[2]]></wp:meta_value>
		</wp:postmeta>
	</item>
	<item>
				<title>Foldover Beanie</title>
		<link>http://demo.cactusthemes.com/gpdark/product/foldover-beanie/</link>
		<pubDate>Thu, 16 Jan 2014 07:22:50 +0000</pubDate>
		<dc:creator><![CDATA[vantrimaster]]></dc:creator>
		<guid isPermaLink="false">http://demo.cactusthemes.com/gpdark/?post_type=product&#038;p=4219</guid>
		<description></description>
		<content:encoded><![CDATA[Lorem ipsum dolor sit amet, consectetur adipisicing elit, sed do eiusmod tempor incididunt ut labore et dolore magna aliqua. Ut enim ad minim veniam, quis nostrud exercitation ullamco laboris nisi ut aliquip ex ea commodo consequat. Duis aute irure dolor in reprehenderit in voluptate velit esse cillum dolore eu fugiat nulla pariatur. Excepteur sint occaecat cupidatat non proident, sunt in culpa qui officia deserunt mollit anim id est laborum.

Sed ut perspiciatis unde omnis iste natus error sit voluptatem accusantium doloremque laudantium, totam rem aperiam, eaque ipsa quae ab illo inventore veritatis et quasi architecto beatae vitae dicta sunt explicabo. Nemo enim ipsam voluptatem quia voluptas sit aspernatur aut odit aut fugit, sed quia consequuntur magni dolores eos qui ratione voluptatem sequi nesciunt.]]></content:encoded>
		<excerpt:encoded><![CDATA[Lorem ipsum dolor sit amet, consectetur adipisicing elit, sed do eiusmod tempor incididunt ut labore et dolore magna aliqua. Ut enim ad minim veniam, quis nostrud exercitation ullamco laboris nisi ut aliquip ex ea commodo consequat. Duis aute irure dolor in reprehenderit in voluptate velit esse cillum dolore eu fugiat nulla pariatur.]]></excerpt:encoded>
		<wp:post_id>4219</wp:post_id>
		<wp:post_date>2014-01-16 07:22:50</wp:post_date>
		<wp:post_date_gmt>2014-01-16 07:22:50</wp:post_date_gmt>
		<wp:comment_status>open</wp:comment_status>
		<wp:ping_status>closed</wp:ping_status>
		<wp:post_name>foldover-beanie</wp:post_name>
		<wp:status>publish</wp:status>
		<wp:post_parent>0</wp:post_parent>
		<wp:menu_order>0</wp:menu_order>
		<wp:post_type>product</wp:post_type>
		<wp:post_password></wp:post_password>
		<wp:is_sticky>0</wp:is_sticky>
		<category domain="product_tag" nicename="hat"><![CDATA[hat]]></category>
		<category domain="product_tag" nicename="men"><![CDATA[Men]]></category>
		<category domain="product_cat" nicename="men-clothes"><![CDATA[Men Clothes]]></category>
		<category domain="product_type" nicename="simple"><![CDATA[simple]]></category>
		<wp:postmeta>
			<wp:meta_key>_edit_last</wp:meta_key>
			<wp:meta_value><![CDATA[2]]></wp:meta_value>
		</wp:postmeta>
		<wp:postmeta>
			<wp:meta_key>_thumbnail_id</wp:meta_key>
			<wp:meta_value><![CDATA[4220]]></wp:meta_value>
		</wp:postmeta>
		<wp:postmeta>
			<wp:meta_key>_visibility</wp:meta_key>
			<wp:meta_value><![CDATA[visible]]></wp:meta_value>
		</wp:postmeta>
		<wp:postmeta>
			<wp:meta_key>_stock_status</wp:meta_key>
			<wp:meta_value><![CDATA[instock]]></wp:meta_value>
		</wp:postmeta>
		<wp:postmeta>
			<wp:meta_key>total_sales</wp:meta_key>
			<wp:meta_value><![CDATA[1]]></wp:meta_value>
		</wp:postmeta>
		<wp:postmeta>
			<wp:meta_key>_downloadable</wp:meta_key>
			<wp:meta_value><![CDATA[no]]></wp:meta_value>
		</wp:postmeta>
		<wp:postmeta>
			<wp:meta_key>_virtual</wp:meta_key>
			<wp:meta_value><![CDATA[no]]></wp:meta_value>
		</wp:postmeta>
		<wp:postmeta>
			<wp:meta_key>_product_image_gallery</wp:meta_key>
			<wp:meta_value><![CDATA[4220,4221,4222]]></wp:meta_value>
		</wp:postmeta>
		<wp:postmeta>
			<wp:meta_key>_regular_price</wp:meta_key>
			<wp:meta_value><![CDATA[29]]></wp:meta_value>
		</wp:postmeta>
		<wp:postmeta>
			<wp:meta_key>_sale_price</wp:meta_key>
			<wp:meta_value><![CDATA[]]></wp:meta_value>
		</wp:postmeta>
		<wp:postmeta>
			<wp:meta_key>_purchase_note</wp:meta_key>
			<wp:meta_value><![CDATA[]]></wp:meta_value>
		</wp:postmeta>
		<wp:postmeta>
			<wp:meta_key>_featured</wp:meta_key>
			<wp:meta_value><![CDATA[no]]></wp:meta_value>
		</wp:postmeta>
		<wp:postmeta>
			<wp:meta_key>_weight</wp:meta_key>
			<wp:meta_value><![CDATA[]]></wp:meta_value>
		</wp:postmeta>
		<wp:postmeta>
			<wp:meta_key>_length</wp:meta_key>
			<wp:meta_value><![CDATA[]]></wp:meta_value>
		</wp:postmeta>
		<wp:postmeta>
			<wp:meta_key>_width</wp:meta_key>
			<wp:meta_value><![CDATA[]]></wp:meta_value>
		</wp:postmeta>
		<wp:postmeta>
			<wp:meta_key>_height</wp:meta_key>
			<wp:meta_value><![CDATA[]]></wp:meta_value>
		</wp:postmeta>
		<wp:postmeta>
			<wp:meta_key>_sku</wp:meta_key>
			<wp:meta_value><![CDATA[W-004]]></wp:meta_value>
		</wp:postmeta>
		<wp:postmeta>
			<wp:meta_key>_product_attributes</wp:meta_key>
			<wp:meta_value><![CDATA[a:3:{s:5:"color";a:6:{s:4:"name";s:5:"Color";s:5:"value";s:20:"Green | brown | blue";s:8:"position";s:1:"0";s:10:"is_visible";i:1;s:12:"is_variation";i:0;s:11:"is_taxonomy";i:0;}s:10:"product-of";a:6:{s:4:"name";s:10:"Product of";s:5:"value";s:6:"Canada";s:8:"position";s:1:"1";s:10:"is_visible";i:1;s:12:"is_variation";i:0;s:11:"is_taxonomy";i:0;}s:7:"made-of";a:6:{s:4:"name";s:7:"Made of";s:5:"value";s:9:"100% wool";s:8:"position";s:1:"2";s:10:"is_visible";i:1;s:12:"is_variation";i:0;s:11:"is_taxonomy";i:0;}}]]></wp:meta_value>
		</wp:postmeta>
		<wp:postmeta>
			<wp:meta_key>_sale_price_dates_from</wp:meta_key>
			<wp:meta_value><![CDATA[]]></wp:meta_value>
		</wp:postmeta>
		<wp:postmeta>
			<wp:meta_key>_sale_price_dates_to</wp:meta_key>
			<wp:meta_value><![CDATA[]]></wp:meta_value>
		</wp:postmeta>
		<wp:postmeta>
			<wp:meta_key>_price</wp:meta_key>
			<wp:meta_value><![CDATA[29]]></wp:meta_value>
		</wp:postmeta>
		<wp:postmeta>
			<wp:meta_key>_sold_individually</wp:meta_key>
			<wp:meta_value><![CDATA[]]></wp:meta_value>
		</wp:postmeta>
		<wp:postmeta>
			<wp:meta_key>_stock</wp:meta_key>
			<wp:meta_value><![CDATA[]]></wp:meta_value>
		</wp:postmeta>
		<wp:postmeta>
			<wp:meta_key>_backorders</wp:meta_key>
			<wp:meta_value><![CDATA[no]]></wp:meta_value>
		</wp:postmeta>
		<wp:postmeta>
			<wp:meta_key>_manage_stock</wp:meta_key>
			<wp:meta_value><![CDATA[no]]></wp:meta_value>
		</wp:postmeta>
	</item>
	<item>
				<title>Racing Helmet</title>
		<link>http://demo.cactusthemes.com/gpdark/product/racing-helmet/</link>
		<pubDate>Thu, 16 Jan 2014 07:53:47 +0000</pubDate>
		<dc:creator><![CDATA[vantrimaster]]></dc:creator>
		<guid isPermaLink="false">http://demo.cactusthemes.com/gpdark/?post_type=product&#038;p=4223</guid>
		<description></description>
		<content:encoded><![CDATA[At vero eos et accusamus et iusto odio dignissimos ducimus qui blanditiis praesentium voluptatum deleniti atque corrupti quos dolores et quas molestias excepturi sint occaecati cupiditate non provident, similique sunt in culpa qui officia deserunt mollitia animi, id est laborum et dolorum fuga.

Et harum quidem rerum facilis est et expedita distinctio. Nam libero tempore, cum soluta nobis est eligendi optio cumque nihil impedit quo minus id quod maxime placeat facere possimus, omnis voluptas assumenda est, omnis dolor repellendus.
Temporibus autem quibusdam et aut officiis debitis aut rerum necessitatibus saepe eveniet ut et voluptates repudiandae sint et molestiae non recusandae. Itaque earum rerum hic tenetur a sapiente delectus, ut aut reiciendis voluptatibus maiores alias consequatur aut perferendis doloribus asperiores repellat.]]></content:encoded>
		<excerpt:encoded><![CDATA[At vero eos et accusamus et iusto odio dignissimos ducimus qui blanditiis praesentium voluptatum deleniti atque corrupti quos dolores et quas molestias excepturi sint occaecati cupiditate non provident, similique sunt in culpa qui officia deserunt mollitia animi, id est laborum et dolorum fuga.]]></excerpt:encoded>
		<wp:post_id>4223</wp:post_id>
		<wp:post_date>2014-01-16 07:53:47</wp:post_date>
		<wp:post_date_gmt>2014-01-16 07:53:47</wp:post_date_gmt>
		<wp:comment_status>open</wp:comment_status>
		<wp:ping_status>closed</wp:ping_status>
		<wp:post_name>racing-helmet</wp:post_name>
		<wp:status>publish</wp:status>
		<wp:post_parent>0</wp:post_parent>
		<wp:menu_order>0</wp:menu_order>
		<wp:post_type>product</wp:post_type>
		<wp:post_password></wp:post_password>
		<wp:is_sticky>0</wp:is_sticky>
		<category domain="product_tag" nicename="hat"><![CDATA[hat]]></category>
		<category domain="product_tag" nicename="men"><![CDATA[Men]]></category>
		<category domain="product_cat" nicename="men-clothes"><![CDATA[Men Clothes]]></category>
		<category domain="product_tag" nicename="racing"><![CDATA[racing]]></category>
		<category domain="product_type" nicename="simple"><![CDATA[simple]]></category>
		<wp:postmeta>
			<wp:meta_key>_edit_last</wp:meta_key>
			<wp:meta_value><![CDATA[2]]></wp:meta_value>
		</wp:postmeta>
		<wp:postmeta>
			<wp:meta_key>_thumbnail_id</wp:meta_key>
			<wp:meta_value><![CDATA[4226]]></wp:meta_value>
		</wp:postmeta>
		<wp:postmeta>
			<wp:meta_key>_product_attributes</wp:meta_key>
			<wp:meta_value><![CDATA[a:3:{s:10:"product-of";a:6:{s:4:"name";s:10:"Product of";s:5:"value";s:8:"Thailand";s:8:"position";s:1:"0";s:10:"is_visible";i:1;s:12:"is_variation";i:0;s:11:"is_taxonomy";i:0;}s:5:"color";a:6:{s:4:"name";s:5:"Color";s:5:"value";s:18:"Blue | red | black";s:8:"position";s:1:"1";s:10:"is_visible";i:1;s:12:"is_variation";i:0;s:11:"is_taxonomy";i:0;}s:3:"sku";a:6:{s:4:"name";s:3:"SKU";s:5:"value";s:5:"W-005";s:8:"position";s:1:"2";s:10:"is_visible";i:0;s:12:"is_variation";i:0;s:11:"is_taxonomy";i:0;}}]]></wp:meta_value>
		</wp:postmeta>
		<wp:postmeta>
			<wp:meta_key>_visibility</wp:meta_key>
			<wp:meta_value><![CDATA[visible]]></wp:meta_value>
		</wp:postmeta>
		<wp:postmeta>
			<wp:meta_key>_stock_status</wp:meta_key>
			<wp:meta_value><![CDATA[instock]]></wp:meta_value>
		</wp:postmeta>
		<wp:postmeta>
			<wp:meta_key>total_sales</wp:meta_key>
			<wp:meta_value><![CDATA[0]]></wp:meta_value>
		</wp:postmeta>
		<wp:postmeta>
			<wp:meta_key>_downloadable</wp:meta_key>
			<wp:meta_value><![CDATA[no]]></wp:meta_value>
		</wp:postmeta>
		<wp:postmeta>
			<wp:meta_key>_virtual</wp:meta_key>
			<wp:meta_value><![CDATA[no]]></wp:meta_value>
		</wp:postmeta>
		<wp:postmeta>
			<wp:meta_key>_product_image_gallery</wp:meta_key>
			<wp:meta_value><![CDATA[4224,4225,4226]]></wp:meta_value>
		</wp:postmeta>
		<wp:postmeta>
			<wp:meta_key>_regular_price</wp:meta_key>
			<wp:meta_value><![CDATA[199]]></wp:meta_value>
		</wp:postmeta>
		<wp:postmeta>
			<wp:meta_key>_sale_price</wp:meta_key>
			<wp:meta_value><![CDATA[]]></wp:meta_value>
		</wp:postmeta>
		<wp:postmeta>
			<wp:meta_key>_purchase_note</wp:meta_key>
			<wp:meta_value><![CDATA[]]></wp:meta_value>
		</wp:postmeta>
		<wp:postmeta>
			<wp:meta_key>_featured</wp:meta_key>
			<wp:meta_value><![CDATA[no]]></wp:meta_value>
		</wp:postmeta>
		<wp:postmeta>
			<wp:meta_key>_weight</wp:meta_key>
			<wp:meta_value><![CDATA[]]></wp:meta_value>
		</wp:postmeta>
		<wp:postmeta>
			<wp:meta_key>_length</wp:meta_key>
			<wp:meta_value><![CDATA[]]></wp:meta_value>
		</wp:postmeta>
		<wp:postmeta>
			<wp:meta_key>_width</wp:meta_key>
			<wp:meta_value><![CDATA[]]></wp:meta_value>
		</wp:postmeta>
		<wp:postmeta>
			<wp:meta_key>_height</wp:meta_key>
			<wp:meta_value><![CDATA[]]></wp:meta_value>
		</wp:postmeta>
		<wp:postmeta>
			<wp:meta_key>_sku</wp:meta_key>
			<wp:meta_value><![CDATA[W-005]]></wp:meta_value>
		</wp:postmeta>
		<wp:postmeta>
			<wp:meta_key>_sale_price_dates_from</wp:meta_key>
			<wp:meta_value><![CDATA[]]></wp:meta_value>
		</wp:postmeta>
		<wp:postmeta>
			<wp:meta_key>_sale_price_dates_to</wp:meta_key>
			<wp:meta_value><![CDATA[]]></wp:meta_value>
		</wp:postmeta>
		<wp:postmeta>
			<wp:meta_key>_price</wp:meta_key>
			<wp:meta_value><![CDATA[199]]></wp:meta_value>
		</wp:postmeta>
		<wp:postmeta>
			<wp:meta_key>_sold_individually</wp:meta_key>
			<wp:meta_value><![CDATA[]]></wp:meta_value>
		</wp:postmeta>
		<wp:postmeta>
			<wp:meta_key>_stock</wp:meta_key>
			<wp:meta_value><![CDATA[]]></wp:meta_value>
		</wp:postmeta>
		<wp:postmeta>
			<wp:meta_key>_backorders</wp:meta_key>
			<wp:meta_value><![CDATA[no]]></wp:meta_value>
		</wp:postmeta>
		<wp:postmeta>
			<wp:meta_key>_manage_stock</wp:meta_key>
			<wp:meta_value><![CDATA[no]]></wp:meta_value>
		</wp:postmeta>
	</item>
	<item>
				<title>Running Tee</title>
		<link>http://demo.cactusthemes.com/gpdark/product/running-tee/</link>
		<pubDate>Thu, 16 Jan 2014 08:49:42 +0000</pubDate>
		<dc:creator><![CDATA[vantrimaster]]></dc:creator>
		<guid isPermaLink="false">http://demo.cactusthemes.com/gpdark/?post_type=product&#038;p=4228</guid>
		<description></description>
		<content:encoded><![CDATA[At vero eos et accusamus et iusto odio dignissimos ducimus qui blanditiis praesentium voluptatum deleniti atque corrupti quos dolores et quas molestias excepturi sint occaecati cupiditate non provident, similique sunt in culpa qui officia deserunt mollitia animi, id est laborum et dolorum fuga.

Et harum quidem rerum facilis est et expedita distinctio. Nam libero tempore, cum soluta nobis est eligendi optio cumque nihil impedit quo minus id quod maxime placeat facere possimus, omnis voluptas assumenda est, omnis dolor repellendus. Temporibus autem quibusdam et aut officiis debitis aut rerum necessitatibus saepe eveniet ut et voluptates repudiandae sint et molestiae non recusandae. Itaque earum rerum hic tenetur a sapiente delectus, ut aut reiciendis voluptatibus maiores alias consequatur aut perferendis doloribus asperiores repellat.]]></content:encoded>
		<excerpt:encoded><![CDATA[At vero eos et accusamus et iusto odio dignissimos ducimus qui blanditiis praesentium voluptatum deleniti atque corrupti quos dolores et quas molestias excepturi sint occaecati cupiditate non provident, similique sunt in culpa qui officia deserunt mollitia animi, id est laborum et dolorum fuga.]]></excerpt:encoded>
		<wp:post_id>4228</wp:post_id>
		<wp:post_date>2014-01-16 08:49:42</wp:post_date>
		<wp:post_date_gmt>2014-01-16 08:49:42</wp:post_date_gmt>
		<wp:comment_status>open</wp:comment_status>
		<wp:ping_status>closed</wp:ping_status>
		<wp:post_name>running-tee</wp:post_name>
		<wp:status>publish</wp:status>
		<wp:post_parent>0</wp:post_parent>
		<wp:menu_order>0</wp:menu_order>
		<wp:post_type>product</wp:post_type>
		<wp:post_password></wp:post_password>
		<wp:is_sticky>0</wp:is_sticky>
		<category domain="product_tag" nicename="men"><![CDATA[Men]]></category>
		<category domain="product_cat" nicename="men-clothes"><![CDATA[Men Clothes]]></category>
		<category domain="product_tag" nicename="shirt"><![CDATA[shirt]]></category>
		<category domain="product_type" nicename="simple"><![CDATA[simple]]></category>
		<category domain="product_tag" nicename="sport"><![CDATA[sport]]></category>
		<wp:postmeta>
			<wp:meta_key>_edit_last</wp:meta_key>
			<wp:meta_value><![CDATA[2]]></wp:meta_value>
		</wp:postmeta>
		<wp:postmeta>
			<wp:meta_key>_product_attributes</wp:meta_key>
			<wp:meta_value><![CDATA[a:3:{s:5:"color";a:6:{s:4:"name";s:5:"Color";s:5:"value";s:18:"Red | Green | Blue";s:8:"position";s:1:"0";s:10:"is_visible";i:1;s:12:"is_variation";i:0;s:11:"is_taxonomy";i:0;}s:10:"product-of";a:6:{s:4:"name";s:10:"Product of";s:5:"value";s:9:"Australia";s:8:"position";s:1:"1";s:10:"is_visible";i:1;s:12:"is_variation";i:0;s:11:"is_taxonomy";i:0;}s:7:"made-of";a:6:{s:4:"name";s:7:"Made of";s:5:"value";s:11:"100% Cotton";s:8:"position";s:1:"2";s:10:"is_visible";i:1;s:12:"is_variation";i:0;s:11:"is_taxonomy";i:0;}}]]></wp:meta_value>
		</wp:postmeta>
		<wp:postmeta>
			<wp:meta_key>_thumbnail_id</wp:meta_key>
			<wp:meta_value><![CDATA[4229]]></wp:meta_value>
		</wp:postmeta>
		<wp:postmeta>
			<wp:meta_key>_visibility</wp:meta_key>
			<wp:meta_value><![CDATA[visible]]></wp:meta_value>
		</wp:postmeta>
		<wp:postmeta>
			<wp:meta_key>_stock_status</wp:meta_key>
			<wp:meta_value><![CDATA[instock]]></wp:meta_value>
		</wp:postmeta>
		<wp:postmeta>
			<wp:meta_key>total_sales</wp:meta_key>
			<wp:meta_value><![CDATA[1]]></wp:meta_value>
		</wp:postmeta>
		<wp:postmeta>
			<wp:meta_key>_downloadable</wp:meta_key>
			<wp:meta_value><![CDATA[no]]></wp:meta_value>
		</wp:postmeta>
		<wp:postmeta>
			<wp:meta_key>_virtual</wp:meta_key>
			<wp:meta_value><![CDATA[no]]></wp:meta_value>
		</wp:postmeta>
		<wp:postmeta>
			<wp:meta_key>_product_image_gallery</wp:meta_key>
			<wp:meta_value><![CDATA[4229,4230,4231]]></wp:meta_value>
		</wp:postmeta>
		<wp:postmeta>
			<wp:meta_key>_regular_price</wp:meta_key>
			<wp:meta_value><![CDATA[39]]></wp:meta_value>
		</wp:postmeta>
		<wp:postmeta>
			<wp:meta_key>_sale_price</wp:meta_key>
			<wp:meta_value><![CDATA[]]></wp:meta_value>
		</wp:postmeta>
		<wp:postmeta>
			<wp:meta_key>_purchase_note</wp:meta_key>
			<wp:meta_value><![CDATA[]]></wp:meta_value>
		</wp:postmeta>
		<wp:postmeta>
			<wp:meta_key>_featured</wp:meta_key>
			<wp:meta_value><![CDATA[no]]></wp:meta_value>
		</wp:postmeta>
		<wp:postmeta>
			<wp:meta_key>_weight</wp:meta_key>
			<wp:meta_value><![CDATA[]]></wp:meta_value>
		</wp:postmeta>
		<wp:postmeta>
			<wp:meta_key>_length</wp:meta_key>
			<wp:meta_value><![CDATA[]]></wp:meta_value>
		</wp:postmeta>
		<wp:postmeta>
			<wp:meta_key>_width</wp:meta_key>
			<wp:meta_value><![CDATA[]]></wp:meta_value>
		</wp:postmeta>
		<wp:postmeta>
			<wp:meta_key>_height</wp:meta_key>
			<wp:meta_value><![CDATA[]]></wp:meta_value>
		</wp:postmeta>
		<wp:postmeta>
			<wp:meta_key>_sku</wp:meta_key>
			<wp:meta_value><![CDATA[W-006]]></wp:meta_value>
		</wp:postmeta>
		<wp:postmeta>
			<wp:meta_key>_sale_price_dates_from</wp:meta_key>
			<wp:meta_value><![CDATA[]]></wp:meta_value>
		</wp:postmeta>
		<wp:postmeta>
			<wp:meta_key>_sale_price_dates_to</wp:meta_key>
			<wp:meta_value><![CDATA[]]></wp:meta_value>
		</wp:postmeta>
		<wp:postmeta>
			<wp:meta_key>_price</wp:meta_key>
			<wp:meta_value><![CDATA[39]]></wp:meta_value>
		</wp:postmeta>
		<wp:postmeta>
			<wp:meta_key>_sold_individually</wp:meta_key>
			<wp:meta_value><![CDATA[]]></wp:meta_value>
		</wp:postmeta>
		<wp:postmeta>
			<wp:meta_key>_stock</wp:meta_key>
			<wp:meta_value><![CDATA[]]></wp:meta_value>
		</wp:postmeta>
		<wp:postmeta>
			<wp:meta_key>_backorders</wp:meta_key>
			<wp:meta_value><![CDATA[no]]></wp:meta_value>
		</wp:postmeta>
		<wp:postmeta>
			<wp:meta_key>_manage_stock</wp:meta_key>
			<wp:meta_value><![CDATA[no]]></wp:meta_value>
		</wp:postmeta>
	</item>
	<item>
				<title>Peaked Beanie</title>
		<link>http://demo.cactusthemes.com/gpdark/product/peaked-beanie/</link>
		<pubDate>Fri, 17 Jan 2014 07:51:22 +0000</pubDate>
		<dc:creator><![CDATA[vantrimaster]]></dc:creator>
		<guid isPermaLink="false">http://demo.cactusthemes.com/gpdark/?post_type=product&#038;p=4234</guid>
		<description></description>
		<content:encoded><![CDATA[At vero eos et accusamus et iusto odio dignissimos ducimus qui blanditiis praesentium voluptatum deleniti atque corrupti quos dolores et quas molestias excepturi sint occaecati cupiditate non provident, similique sunt in culpa qui officia deserunt mollitia animi, id est laborum et dolorum fuga.

Et harum quidem rerum facilis est et expedita distinctio. Nam libero tempore, cum soluta nobis est eligendi optio cumque nihil impedit quo minus id quod maxime placeat facere possimus, omnis voluptas assumenda est, omnis dolor repellendus. Temporibus autem quibusdam et aut officiis debitis aut rerum necessitatibus saepe eveniet ut et voluptates repudiandae sint et molestiae non recusandae. Itaque earum rerum hic tenetur a sapiente delectus, ut aut reiciendis voluptatibus maiores alias consequatur aut perferendis doloribus asperiores repellat.]]></content:encoded>
		<excerpt:encoded><![CDATA[At vero eos et accusamus et iusto odio dignissimos ducimus qui blanditiis praesentium voluptatum deleniti atque corrupti quos dolores et quas molestias excepturi sint occaecati cupiditate non provident, similique sunt in culpa qui officia deserunt mollitia animi, id est laborum et dolorum fuga.]]></excerpt:encoded>
		<wp:post_id>4234</wp:post_id>
		<wp:post_date>2014-01-17 07:51:22</wp:post_date>
		<wp:post_date_gmt>2014-01-17 07:51:22</wp:post_date_gmt>
		<wp:comment_status>open</wp:comment_status>
		<wp:ping_status>closed</wp:ping_status>
		<wp:post_name>peaked-beanie</wp:post_name>
		<wp:status>publish</wp:status>
		<wp:post_parent>0</wp:post_parent>
		<wp:menu_order>0</wp:menu_order>
		<wp:post_type>product</wp:post_type>
		<wp:post_password></wp:post_password>
		<wp:is_sticky>0</wp:is_sticky>
		<category domain="product_tag" nicename="hat"><![CDATA[hat]]></category>
		<category domain="product_tag" nicename="men"><![CDATA[Men]]></category>
		<category domain="product_cat" nicename="men-clothes"><![CDATA[Men Clothes]]></category>
		<category domain="product_type" nicename="simple"><![CDATA[simple]]></category>
		<wp:postmeta>
			<wp:meta_key>_edit_last</wp:meta_key>
			<wp:meta_value><![CDATA[2]]></wp:meta_value>
		</wp:postmeta>
		<wp:postmeta>
			<wp:meta_key>_thumbnail_id</wp:meta_key>
			<wp:meta_value><![CDATA[4236]]></wp:meta_value>
		</wp:postmeta>
		<wp:postmeta>
			<wp:meta_key>_product_attributes</wp:meta_key>
			<wp:meta_value><![CDATA[a:3:{s:5:"color";a:6:{s:4:"name";s:5:"Color";s:5:"value";s:18:"Red | Green | Blue";s:8:"position";s:1:"0";s:10:"is_visible";i:1;s:12:"is_variation";i:0;s:11:"is_taxonomy";i:0;}s:7:"made-of";a:6:{s:4:"name";s:7:"Made of";s:5:"value";s:9:"100% Wool";s:8:"position";s:1:"1";s:10:"is_visible";i:1;s:12:"is_variation";i:0;s:11:"is_taxonomy";i:0;}s:10:"product-of";a:6:{s:4:"name";s:10:"Product of";s:5:"value";s:9:"Australia";s:8:"position";s:1:"2";s:10:"is_visible";i:1;s:12:"is_variation";i:0;s:11:"is_taxonomy";i:0;}}]]></wp:meta_value>
		</wp:postmeta>
		<wp:postmeta>
			<wp:meta_key>_visibility</wp:meta_key>
			<wp:meta_value><![CDATA[visible]]></wp:meta_value>
		</wp:postmeta>
		<wp:postmeta>
			<wp:meta_key>_stock_status</wp:meta_key>
			<wp:meta_value><![CDATA[instock]]></wp:meta_value>
		</wp:postmeta>
		<wp:postmeta>
			<wp:meta_key>total_sales</wp:meta_key>
			<wp:meta_value><![CDATA[1]]></wp:meta_value>
		</wp:postmeta>
		<wp:postmeta>
			<wp:meta_key>_downloadable</wp:meta_key>
			<wp:meta_value><![CDATA[no]]></wp:meta_value>
		</wp:postmeta>
		<wp:postmeta>
			<wp:meta_key>_virtual</wp:meta_key>
			<wp:meta_value><![CDATA[no]]></wp:meta_value>
		</wp:postmeta>
		<wp:postmeta>
			<wp:meta_key>_product_image_gallery</wp:meta_key>
			<wp:meta_value><![CDATA[4235,4236,4237]]></wp:meta_value>
		</wp:postmeta>
		<wp:postmeta>
			<wp:meta_key>_regular_price</wp:meta_key>
			<wp:meta_value><![CDATA[19]]></wp:meta_value>
		</wp:postmeta>
		<wp:postmeta>
			<wp:meta_key>_sale_price</wp:meta_key>
			<wp:meta_value><![CDATA[]]></wp:meta_value>
		</wp:postmeta>
		<wp:postmeta>
			<wp:meta_key>_purchase_note</wp:meta_key>
			<wp:meta_value><![CDATA[]]></wp:meta_value>
		</wp:postmeta>
		<wp:postmeta>
			<wp:meta_key>_featured</wp:meta_key>
			<wp:meta_value><![CDATA[no]]></wp:meta_value>
		</wp:postmeta>
		<wp:postmeta>
			<wp:meta_key>_weight</wp:meta_key>
			<wp:meta_value><![CDATA[]]></wp:meta_value>
		</wp:postmeta>
		<wp:postmeta>
			<wp:meta_key>_length</wp:meta_key>
			<wp:meta_value><![CDATA[]]></wp:meta_value>
		</wp:postmeta>
		<wp:postmeta>
			<wp:meta_key>_width</wp:meta_key>
			<wp:meta_value><![CDATA[]]></wp:meta_value>
		</wp:postmeta>
		<wp:postmeta>
			<wp:meta_key>_height</wp:meta_key>
			<wp:meta_value><![CDATA[]]></wp:meta_value>
		</wp:postmeta>
		<wp:postmeta>
			<wp:meta_key>_sku</wp:meta_key>
			<wp:meta_value><![CDATA[W-007]]></wp:meta_value>
		</wp:postmeta>
		<wp:postmeta>
			<wp:meta_key>_sale_price_dates_from</wp:meta_key>
			<wp:meta_value><![CDATA[]]></wp:meta_value>
		</wp:postmeta>
		<wp:postmeta>
			<wp:meta_key>_sale_price_dates_to</wp:meta_key>
			<wp:meta_value><![CDATA[]]></wp:meta_value>
		</wp:postmeta>
		<wp:postmeta>
			<wp:meta_key>_price</wp:meta_key>
			<wp:meta_value><![CDATA[19]]></wp:meta_value>
		</wp:postmeta>
		<wp:postmeta>
			<wp:meta_key>_sold_individually</wp:meta_key>
			<wp:meta_value><![CDATA[]]></wp:meta_value>
		</wp:postmeta>
		<wp:postmeta>
			<wp:meta_key>_stock</wp:meta_key>
			<wp:meta_value><![CDATA[]]></wp:meta_value>
		</wp:postmeta>
		<wp:postmeta>
			<wp:meta_key>_backorders</wp:meta_key>
			<wp:meta_value><![CDATA[no]]></wp:meta_value>
		</wp:postmeta>
		<wp:postmeta>
			<wp:meta_key>_manage_stock</wp:meta_key>
			<wp:meta_value><![CDATA[no]]></wp:meta_value>
		</wp:postmeta>
		<wp:comment>
			<wp:comment_id>154</wp:comment_id>
			<wp:comment_author><![CDATA[pdfgdfgdg]]></wp:comment_author>
			<wp:comment_author_email>cgdfgd@hotmail.com</wp:comment_author_email>
			<wp:comment_author_url></wp:comment_author_url>
			<wp:comment_author_IP>80.102.118.181</wp:comment_author_IP>
			<wp:comment_date>2014-06-18 08:59:46</wp:comment_date>
			<wp:comment_date_gmt>2014-06-18 08:59:46</wp:comment_date_gmt>
			<wp:comment_content><![CDATA[uilkhjñlkjñl]]></wp:comment_content>
			<wp:comment_approved>0</wp:comment_approved>
			<wp:comment_type></wp:comment_type>
			<wp:comment_parent>0</wp:comment_parent>
			<wp:comment_user_id>0</wp:comment_user_id>
			<wp:commentmeta>
				<wp:meta_key>rating</wp:meta_key>
				<wp:meta_value><![CDATA[2]]></wp:meta_value>
			</wp:commentmeta>
		</wp:comment>
	</item>
	<item>
				<title>Hoodie 2</title>
		<link>http://demo.cactusthemes.com/gpdark/product/hoodie-2/</link>
		<pubDate>Fri, 17 Jan 2014 07:53:14 +0000</pubDate>
		<dc:creator><![CDATA[vantrimaster]]></dc:creator>
		<guid isPermaLink="false">http://demo.cactusthemes.com/gpdark/product/hoodie-2/</guid>
		<description></description>
		<content:encoded><![CDATA[At vero eos et accusamus et iusto odio dignissimos ducimus qui blanditiis praesentium voluptatum deleniti atque corrupti quos dolores et quas molestias excepturi sint occaecati cupiditate non provident, similique sunt in culpa qui officia deserunt mollitia animi, id est laborum et dolorum fuga.

Et harum quidem rerum facilis est et expedita distinctio. Nam libero tempore, cum soluta nobis est eligendi optio cumque nihil impedit quo minus id quod maxime placeat facere possimus, omnis voluptas assumenda est, omnis dolor repellendus. Temporibus autem quibusdam et aut officiis debitis aut rerum necessitatibus saepe eveniet ut et voluptates repudiandae sint et molestiae non recusandae. Itaque earum rerum hic tenetur a sapiente delectus, ut aut reiciendis voluptatibus maiores alias consequatur aut perferendis doloribus asperiores repellat.]]></content:encoded>
		<excerpt:encoded><![CDATA[At vero eos et accusamus et iusto odio dignissimos ducimus qui blanditiis praesentium voluptatum deleniti atque corrupti quos dolores et quas molestias excepturi sint occaecati cupiditate non provident, similique sunt in culpa qui officia deserunt mollitia animi, id est laborum et dolorum fuga.]]></excerpt:encoded>
		<wp:post_id>4239</wp:post_id>
		<wp:post_date>2014-01-17 07:53:14</wp:post_date>
		<wp:post_date_gmt>2014-01-17 07:53:14</wp:post_date_gmt>
		<wp:comment_status>open</wp:comment_status>
		<wp:ping_status>closed</wp:ping_status>
		<wp:post_name>hoodie-2</wp:post_name>
		<wp:status>publish</wp:status>
		<wp:post_parent>0</wp:post_parent>
		<wp:menu_order>0</wp:menu_order>
		<wp:post_type>product</wp:post_type>
		<wp:post_password></wp:post_password>
		<wp:is_sticky>0</wp:is_sticky>
		<category domain="product_tag" nicename="hoodie"><![CDATA[hoodie]]></category>
		<category domain="product_tag" nicename="men"><![CDATA[Men]]></category>
		<category domain="product_cat" nicename="men-clothes"><![CDATA[Men Clothes]]></category>
		<category domain="product_type" nicename="simple"><![CDATA[simple]]></category>
		<wp:postmeta>
			<wp:meta_key>_edit_last</wp:meta_key>
			<wp:meta_value><![CDATA[2]]></wp:meta_value>
		</wp:postmeta>
		<wp:postmeta>
			<wp:meta_key>_thumbnail_id</wp:meta_key>
			<wp:meta_value><![CDATA[4242]]></wp:meta_value>
		</wp:postmeta>
		<wp:postmeta>
			<wp:meta_key>_product_attributes</wp:meta_key>
			<wp:meta_value><![CDATA[a:3:{s:5:"color";a:6:{s:4:"name";s:5:"Color";s:5:"value";s:18:"Red | Green | Blue";s:8:"position";s:1:"0";s:10:"is_visible";i:1;s:12:"is_variation";i:0;s:11:"is_taxonomy";i:0;}s:7:"made-of";a:6:{s:4:"name";s:7:"Made of";s:5:"value";s:9:"100% Wool";s:8:"position";s:1:"1";s:10:"is_visible";i:1;s:12:"is_variation";i:0;s:11:"is_taxonomy";i:0;}s:10:"product-of";a:6:{s:4:"name";s:10:"Product of";s:5:"value";s:9:"Australia";s:8:"position";s:1:"2";s:10:"is_visible";i:1;s:12:"is_variation";i:0;s:11:"is_taxonomy";i:0;}}]]></wp:meta_value>
		</wp:postmeta>
		<wp:postmeta>
			<wp:meta_key>_visibility</wp:meta_key>
			<wp:meta_value><![CDATA[visible]]></wp:meta_value>
		</wp:postmeta>
		<wp:postmeta>
			<wp:meta_key>_stock_status</wp:meta_key>
			<wp:meta_value><![CDATA[instock]]></wp:meta_value>
		</wp:postmeta>
		<wp:postmeta>
			<wp:meta_key>total_sales</wp:meta_key>
			<wp:meta_value><![CDATA[0]]></wp:meta_value>
		</wp:postmeta>
		<wp:postmeta>
			<wp:meta_key>_downloadable</wp:meta_key>
			<wp:meta_value><![CDATA[no]]></wp:meta_value>
		</wp:postmeta>
		<wp:postmeta>
			<wp:meta_key>_virtual</wp:meta_key>
			<wp:meta_value><![CDATA[no]]></wp:meta_value>
		</wp:postmeta>
		<wp:postmeta>
			<wp:meta_key>_product_image_gallery</wp:meta_key>
			<wp:meta_value><![CDATA[4240,4241,4242]]></wp:meta_value>
		</wp:postmeta>
		<wp:postmeta>
			<wp:meta_key>_regular_price</wp:meta_key>
			<wp:meta_value><![CDATA[59]]></wp:meta_value>
		</wp:postmeta>
		<wp:postmeta>
			<wp:meta_key>_sale_price</wp:meta_key>
			<wp:meta_value><![CDATA[]]></wp:meta_value>
		</wp:postmeta>
		<wp:postmeta>
			<wp:meta_key>_purchase_note</wp:meta_key>
			<wp:meta_value><![CDATA[]]></wp:meta_value>
		</wp:postmeta>
		<wp:postmeta>
			<wp:meta_key>_featured</wp:meta_key>
			<wp:meta_value><![CDATA[no]]></wp:meta_value>
		</wp:postmeta>
		<wp:postmeta>
			<wp:meta_key>_weight</wp:meta_key>
			<wp:meta_value><![CDATA[]]></wp:meta_value>
		</wp:postmeta>
		<wp:postmeta>
			<wp:meta_key>_length</wp:meta_key>
			<wp:meta_value><![CDATA[]]></wp:meta_value>
		</wp:postmeta>
		<wp:postmeta>
			<wp:meta_key>_width</wp:meta_key>
			<wp:meta_value><![CDATA[]]></wp:meta_value>
		</wp:postmeta>
		<wp:postmeta>
			<wp:meta_key>_height</wp:meta_key>
			<wp:meta_value><![CDATA[]]></wp:meta_value>
		</wp:postmeta>
		<wp:postmeta>
			<wp:meta_key>_sku</wp:meta_key>
			<wp:meta_value><![CDATA[W-008]]></wp:meta_value>
		</wp:postmeta>
		<wp:postmeta>
			<wp:meta_key>_sale_price_dates_from</wp:meta_key>
			<wp:meta_value><![CDATA[]]></wp:meta_value>
		</wp:postmeta>
		<wp:postmeta>
			<wp:meta_key>_sale_price_dates_to</wp:meta_key>
			<wp:meta_value><![CDATA[]]></wp:meta_value>
		</wp:postmeta>
		<wp:postmeta>
			<wp:meta_key>_price</wp:meta_key>
			<wp:meta_value><![CDATA[59]]></wp:meta_value>
		</wp:postmeta>
		<wp:postmeta>
			<wp:meta_key>_sold_individually</wp:meta_key>
			<wp:meta_value><![CDATA[]]></wp:meta_value>
		</wp:postmeta>
		<wp:postmeta>
			<wp:meta_key>_stock</wp:meta_key>
			<wp:meta_value><![CDATA[]]></wp:meta_value>
		</wp:postmeta>
		<wp:postmeta>
			<wp:meta_key>_backorders</wp:meta_key>
			<wp:meta_value><![CDATA[no]]></wp:meta_value>
		</wp:postmeta>
		<wp:postmeta>
			<wp:meta_key>_manage_stock</wp:meta_key>
			<wp:meta_value><![CDATA[no]]></wp:meta_value>
		</wp:postmeta>
	</item>
	<item>
				<title>Skate Helmet</title>
		<link>http://demo.cactusthemes.com/gpdark/product/skate-helmet/</link>
		<pubDate>Fri, 17 Jan 2014 07:56:55 +0000</pubDate>
		<dc:creator><![CDATA[vantrimaster]]></dc:creator>
		<guid isPermaLink="false">http://demo.cactusthemes.com/gpdark/product/skate-helmet/</guid>
		<description></description>
		<content:encoded><![CDATA[At vero eos et accusamus et iusto odio dignissimos ducimus qui blanditiis praesentium voluptatum deleniti atque corrupti quos dolores et quas molestias excepturi sint occaecati cupiditate non provident, similique sunt in culpa qui officia deserunt mollitia animi, id est laborum et dolorum fuga.

Et harum quidem rerum facilis est et expedita distinctio. Nam libero tempore, cum soluta nobis est eligendi optio cumque nihil impedit quo minus id quod maxime placeat facere possimus, omnis voluptas assumenda est, omnis dolor repellendus.
Temporibus autem quibusdam et aut officiis debitis aut rerum necessitatibus saepe eveniet ut et voluptates repudiandae sint et molestiae non recusandae. Itaque earum rerum hic tenetur a sapiente delectus, ut aut reiciendis voluptatibus maiores alias consequatur aut perferendis doloribus asperiores repellat.]]></content:encoded>
		<excerpt:encoded><![CDATA[At vero eos et accusamus et iusto odio dignissimos ducimus qui blanditiis praesentium voluptatum deleniti atque corrupti quos dolores et quas molestias excepturi sint occaecati cupiditate non provident, similique sunt in culpa qui officia deserunt mollitia animi, id est laborum et dolorum fuga.]]></excerpt:encoded>
		<wp:post_id>4243</wp:post_id>
		<wp:post_date>2014-01-17 07:56:55</wp:post_date>
		<wp:post_date_gmt>2014-01-17 07:56:55</wp:post_date_gmt>
		<wp:comment_status>open</wp:comment_status>
		<wp:ping_status>closed</wp:ping_status>
		<wp:post_name>skate-helmet</wp:post_name>
		<wp:status>publish</wp:status>
		<wp:post_parent>0</wp:post_parent>
		<wp:menu_order>0</wp:menu_order>
		<wp:post_type>product</wp:post_type>
		<wp:post_password></wp:post_password>
		<wp:is_sticky>0</wp:is_sticky>
		<category domain="product_tag" nicename="hat"><![CDATA[hat]]></category>
		<category domain="product_tag" nicename="men"><![CDATA[Men]]></category>
		<category domain="product_cat" nicename="men-clothes"><![CDATA[Men Clothes]]></category>
		<category domain="product_type" nicename="simple"><![CDATA[simple]]></category>
		<category domain="product_tag" nicename="skate"><![CDATA[skate]]></category>
		<wp:postmeta>
			<wp:meta_key>_edit_last</wp:meta_key>
			<wp:meta_value><![CDATA[2]]></wp:meta_value>
		</wp:postmeta>
		<wp:postmeta>
			<wp:meta_key>_thumbnail_id</wp:meta_key>
			<wp:meta_value><![CDATA[4246]]></wp:meta_value>
		</wp:postmeta>
		<wp:postmeta>
			<wp:meta_key>_product_attributes</wp:meta_key>
			<wp:meta_value><![CDATA[a:3:{s:10:"product-of";a:6:{s:4:"name";s:10:"Product of";s:5:"value";s:8:"Thailand";s:8:"position";s:1:"0";s:10:"is_visible";i:1;s:12:"is_variation";i:0;s:11:"is_taxonomy";i:0;}s:5:"color";a:6:{s:4:"name";s:5:"Color";s:5:"value";s:18:"Blue | red | black";s:8:"position";s:1:"1";s:10:"is_visible";i:1;s:12:"is_variation";i:0;s:11:"is_taxonomy";i:0;}s:3:"sku";a:6:{s:4:"name";s:3:"SKU";s:5:"value";s:5:"W-005";s:8:"position";s:1:"2";s:10:"is_visible";i:0;s:12:"is_variation";i:0;s:11:"is_taxonomy";i:0;}}]]></wp:meta_value>
		</wp:postmeta>
		<wp:postmeta>
			<wp:meta_key>_visibility</wp:meta_key>
			<wp:meta_value><![CDATA[visible]]></wp:meta_value>
		</wp:postmeta>
		<wp:postmeta>
			<wp:meta_key>_stock_status</wp:meta_key>
			<wp:meta_value><![CDATA[instock]]></wp:meta_value>
		</wp:postmeta>
		<wp:postmeta>
			<wp:meta_key>total_sales</wp:meta_key>
			<wp:meta_value><![CDATA[2]]></wp:meta_value>
		</wp:postmeta>
		<wp:postmeta>
			<wp:meta_key>_downloadable</wp:meta_key>
			<wp:meta_value><![CDATA[no]]></wp:meta_value>
		</wp:postmeta>
		<wp:postmeta>
			<wp:meta_key>_virtual</wp:meta_key>
			<wp:meta_value><![CDATA[no]]></wp:meta_value>
		</wp:postmeta>
		<wp:postmeta>
			<wp:meta_key>_product_image_gallery</wp:meta_key>
			<wp:meta_value><![CDATA[4244,4245,4246]]></wp:meta_value>
		</wp:postmeta>
		<wp:postmeta>
			<wp:meta_key>_regular_price</wp:meta_key>
			<wp:meta_value><![CDATA[99]]></wp:meta_value>
		</wp:postmeta>
		<wp:postmeta>
			<wp:meta_key>_sale_price</wp:meta_key>
			<wp:meta_value><![CDATA[]]></wp:meta_value>
		</wp:postmeta>
		<wp:postmeta>
			<wp:meta_key>_purchase_note</wp:meta_key>
			<wp:meta_value><![CDATA[]]></wp:meta_value>
		</wp:postmeta>
		<wp:postmeta>
			<wp:meta_key>_featured</wp:meta_key>
			<wp:meta_value><![CDATA[no]]></wp:meta_value>
		</wp:postmeta>
		<wp:postmeta>
			<wp:meta_key>_weight</wp:meta_key>
			<wp:meta_value><![CDATA[]]></wp:meta_value>
		</wp:postmeta>
		<wp:postmeta>
			<wp:meta_key>_length</wp:meta_key>
			<wp:meta_value><![CDATA[]]></wp:meta_value>
		</wp:postmeta>
		<wp:postmeta>
			<wp:meta_key>_width</wp:meta_key>
			<wp:meta_value><![CDATA[]]></wp:meta_value>
		</wp:postmeta>
		<wp:postmeta>
			<wp:meta_key>_height</wp:meta_key>
			<wp:meta_value><![CDATA[]]></wp:meta_value>
		</wp:postmeta>
		<wp:postmeta>
			<wp:meta_key>_sku</wp:meta_key>
			<wp:meta_value><![CDATA[W-009]]></wp:meta_value>
		</wp:postmeta>
		<wp:postmeta>
			<wp:meta_key>_sale_price_dates_from</wp:meta_key>
			<wp:meta_value><![CDATA[]]></wp:meta_value>
		</wp:postmeta>
		<wp:postmeta>
			<wp:meta_key>_sale_price_dates_to</wp:meta_key>
			<wp:meta_value><![CDATA[]]></wp:meta_value>
		</wp:postmeta>
		<wp:postmeta>
			<wp:meta_key>_price</wp:meta_key>
			<wp:meta_value><![CDATA[99]]></wp:meta_value>
		</wp:postmeta>
		<wp:postmeta>
			<wp:meta_key>_sold_individually</wp:meta_key>
			<wp:meta_value><![CDATA[]]></wp:meta_value>
		</wp:postmeta>
		<wp:postmeta>
			<wp:meta_key>_stock</wp:meta_key>
			<wp:meta_value><![CDATA[]]></wp:meta_value>
		</wp:postmeta>
		<wp:postmeta>
			<wp:meta_key>_backorders</wp:meta_key>
			<wp:meta_value><![CDATA[no]]></wp:meta_value>
		</wp:postmeta>
		<wp:postmeta>
			<wp:meta_key>_manage_stock</wp:meta_key>
			<wp:meta_value><![CDATA[no]]></wp:meta_value>
		</wp:postmeta>
		<wp:comment>
			<wp:comment_id>125</wp:comment_id>
			<wp:comment_author><![CDATA[Tony Brosnan]]></wp:comment_author>
			<wp:comment_author_email>tri.nv@goimon.vn</wp:comment_author_email>
			<wp:comment_author_url>http://www.cactusthemes.com</wp:comment_author_url>
			<wp:comment_author_IP>113.190.239.244</wp:comment_author_IP>
			<wp:comment_date>2014-01-17 09:01:47</wp:comment_date>
			<wp:comment_date_gmt>2014-01-17 09:01:47</wp:comment_date_gmt>
			<wp:comment_content><![CDATA[This is just a sample review lorem ipsum]]></wp:comment_content>
			<wp:comment_approved>1</wp:comment_approved>
			<wp:comment_type></wp:comment_type>
			<wp:comment_parent>0</wp:comment_parent>
			<wp:comment_user_id>2</wp:comment_user_id>
			<wp:commentmeta>
				<wp:meta_key>rating</wp:meta_key>
				<wp:meta_value><![CDATA[5]]></wp:meta_value>
			</wp:commentmeta>
		</wp:comment>
		<wp:comment>
			<wp:comment_id>126</wp:comment_id>
			<wp:comment_author><![CDATA[Tony Brosnan]]></wp:comment_author>
			<wp:comment_author_email>tri.nv@goimon.vn</wp:comment_author_email>
			<wp:comment_author_url>http://www.cactusthemes.com</wp:comment_author_url>
			<wp:comment_author_IP>113.190.239.244</wp:comment_author_IP>
			<wp:comment_date>2014-01-17 09:02:33</wp:comment_date>
			<wp:comment_date_gmt>2014-01-17 09:02:33</wp:comment_date_gmt>
			<wp:comment_content><![CDATA[This is a very trust worthy helmet. I would love to use it]]></wp:comment_content>
			<wp:comment_approved>1</wp:comment_approved>
			<wp:comment_type></wp:comment_type>
			<wp:comment_parent>0</wp:comment_parent>
			<wp:comment_user_id>2</wp:comment_user_id>
			<wp:commentmeta>
				<wp:meta_key>rating</wp:meta_key>
				<wp:meta_value><![CDATA[4]]></wp:meta_value>
			</wp:commentmeta>
		</wp:comment>
	</item>
</channel>
</rss>
