<?xml version="1.0" encoding="UTF-8" ?>
<!-- This is a WordPress eXtended RSS file generated by WordPress as an export of your site. -->
<!-- It contains information about your site's posts, pages, comments, categories, and other content. -->
<!-- You may use this file to transfer that content from one site to another. -->
<!-- This file is not intended to serve as a complete backup of your site. -->

<!-- To import this information into a WordPress site follow these steps: -->
<!-- 1. Log in to that site as an administrator. -->
<!-- 2. Go to Tools: Import in the WordPress admin panel. -->
<!-- 3. Install the "WordPress" importer from the list. -->
<!-- 4. Activate & Run Importer. -->
<!-- 5. Upload this file using the form provided on that page. -->
<!-- 6. You will first be asked to map the authors in this export file to users -->
<!--    on the site. For each author, you may choose to map to an -->
<!--    existing user on the site or to create a new user. -->
<!-- 7. WordPress will then import each of the posts, pages, comments, categories, etc. -->
<!--    contained in this file into your site. -->

<!-- generator="WordPress/4.0" created="2014-09-12 10:31" -->
<rss version="2.0"
	xmlns:excerpt="http://wordpress.org/export/1.2/excerpt/"
	xmlns:content="http://purl.org/rss/1.0/modules/content/"
	xmlns:wfw="http://wellformedweb.org/CommentAPI/"
	xmlns:dc="http://purl.org/dc/elements/1.1/"
	xmlns:wp="http://wordpress.org/export/1.2/"
>

<channel>
	<title>GamePlan - Responsive Wordpress Theme</title>
	<link>http://demo.cactusthemes.com/gpdark</link>
	<description>Just another WordPress site</description>
	<pubDate>Fri, 12 Sep 2014 10:31:34 +0000</pubDate>
	<language>en-US</language>
	<wp:wxr_version>1.2</wp:wxr_version>
	<wp:base_site_url>http://demo.cactusthemes.com/gpdark</wp:base_site_url>
	<wp:base_blog_url>http://demo.cactusthemes.com/gpdark</wp:base_blog_url>

	<wp:author><wp:author_id>2</wp:author_id><wp:author_login>vantrimaster</wp:author_login><wp:author_email>tri.nv@goimon.vn</wp:author_email><wp:author_display_name><![CDATA[Tony Brosnan]]></wp:author_display_name><wp:author_first_name><![CDATA[Tri]]></wp:author_first_name><wp:author_last_name><![CDATA[Nguyen]]></wp:author_last_name></wp:author>


	<generator>http://wordpress.org/?v=4.0</generator>

	<item>
				<title>One Step Closer</title>
		<link>http://demo.cactusthemes.com/gpdark/post-portfolio/lorem-ipsum-dolor/</link>
		<pubDate>Thu, 22 Aug 2013 08:22:04 +0000</pubDate>
		<dc:creator><![CDATA[vantrimaster]]></dc:creator>
		<guid isPermaLink="false">http://demo.cactusthemes.com/gameplan/?post_type=post-portfolio&#038;p=1860</guid>
		<description></description>
		<content:encoded><![CDATA[Lorem ipsum dolor sit amet, consectetur adipisicing elit, sed do eiusmod tempor incididunt ut labore et dolore magna aliqua. Ut enim ad minim veniam, quis nostrud exercitation ullamco laboris nisi ut aliquip ex ea commodo consequat. Excepteur sint occaecat cupidatat non proident, sunt in culpa qui officia deserunt mollit anim id est laborum. Lorem ipsum dolor sit amet, consectetur adipisicing elit, sed do eiusmod tempor incididunt ut labore et dolore magna aliqua.

Ut enim ad minim veniam, quis nostrud exercitation ullamco laboris nisi ut aliquip ex ea commodo consequat. Duis aute irure dolor in reprehenderit in voluptate velit esse cillum dolore eu fugiat nulla pariatur. Excepteur sint occaecat cupidatat non proident, sunt in culpa qui officia deserunt mollit anim id est laborum.]]></content:encoded>
		<excerpt:encoded><![CDATA[]]></excerpt:encoded>
		<wp:post_id>1860</wp:post_id>
		<wp:post_date>2013-08-22 08:22:04</wp:post_date>
		<wp:post_date_gmt>2013-08-22 08:22:04</wp:post_date_gmt>
		<wp:comment_status>closed</wp:comment_status>
		<wp:ping_status>closed</wp:ping_status>
		<wp:post_name>lorem-ipsum-dolor</wp:post_name>
		<wp:status>publish</wp:status>
		<wp:post_parent>0</wp:post_parent>
		<wp:menu_order>0</wp:menu_order>
		<wp:post_type>post-portfolio</wp:post_type>
		<wp:post_password></wp:post_password>
		<wp:is_sticky>0</wp:is_sticky>
		<category domain="post_tag" nicename="training-courses"><![CDATA[Training Courses]]></category>
		<wp:postmeta>
			<wp:meta_key>venue</wp:meta_key>
			<wp:meta_value><![CDATA[]]></wp:meta_value>
		</wp:postmeta>
		<wp:postmeta>
			<wp:meta_key>start_day</wp:meta_key>
			<wp:meta_value><![CDATA[]]></wp:meta_value>
		</wp:postmeta>
		<wp:postmeta>
			<wp:meta_key>end_day</wp:meta_key>
			<wp:meta_value><![CDATA[]]></wp:meta_value>
		</wp:postmeta>
		<wp:postmeta>
			<wp:meta_key>google_shortcode</wp:meta_key>
			<wp:meta_value><![CDATA[]]></wp:meta_value>
		</wp:postmeta>
		<wp:postmeta>
			<wp:meta_key>_edit_last</wp:meta_key>
			<wp:meta_value><![CDATA[2]]></wp:meta_value>
		</wp:postmeta>
		<wp:postmeta>
			<wp:meta_key>_thumbnail_id</wp:meta_key>
			<wp:meta_value><![CDATA[1899]]></wp:meta_value>
		</wp:postmeta>
		<wp:postmeta>
			<wp:meta_key>_wpb_vc_js_status</wp:meta_key>
			<wp:meta_value><![CDATA[false]]></wp:meta_value>
		</wp:postmeta>
		<wp:postmeta>
			<wp:meta_key>_wpb_vc_js_interface_version</wp:meta_key>
			<wp:meta_value><![CDATA[0]]></wp:meta_value>
		</wp:postmeta>
		<wp:postmeta>
			<wp:meta_key>show_hide_social_porfolio</wp:meta_key>
			<wp:meta_value><![CDATA[def]]></wp:meta_value>
		</wp:postmeta>
		<wp:postmeta>
			<wp:meta_key>background</wp:meta_key>
			<wp:meta_value><![CDATA[a:5:{s:16:"background-color";s:0:"";s:17:"background-repeat";s:0:"";s:21:"background-attachment";s:0:"";s:19:"background-position";s:0:"";s:16:"background-image";s:0:"";}]]></wp:meta_value>
		</wp:postmeta>
		<wp:postmeta>
			<wp:meta_key>_oembed_03438c52972f96870829dd3d9bd696d5</wp:meta_key>
			<wp:meta_value><![CDATA[<iframe src="//player.vimeo.com/video/77040272" width="900" height="506" frameborder="0" title="NYC &sup2;" webkitallowfullscreen mozallowfullscreen allowfullscreen></iframe>]]></wp:meta_value>
		</wp:postmeta>
		<wp:postmeta>
			<wp:meta_key>_oembed_time_03438c52972f96870829dd3d9bd696d5</wp:meta_key>
			<wp:meta_value><![CDATA[1410509536]]></wp:meta_value>
		</wp:postmeta>
	</item>
	<item>
				<title>Max Power</title>
		<link>http://demo.cactusthemes.com/gpdark/post-portfolio/excepteur-sint-occaecat/</link>
		<pubDate>Thu, 22 Aug 2013 08:23:39 +0000</pubDate>
		<dc:creator><![CDATA[vantrimaster]]></dc:creator>
		<guid isPermaLink="false">http://demo.cactusthemes.com/gameplan/?post_type=post-portfolio&#038;p=1862</guid>
		<description></description>
		<content:encoded><![CDATA[Duis aute irure dolor in reprehenderit in voluptate velit esse cillum dolore eu fugiat nulla pariatur. Excepteur sint occaecat cupidatat non proident, sunt in culpa qui officia deserunt mollit anim id est laborum. Lorem ipsum dolor sit amet, consectetur adipisicing elit, sed do eiusmod tempor incididunt ut labore et dolore magna aliqua. Ut enim ad minim veniam, quis nostrud exercitation ullamco laboris nisi ut aliquip ex ea commodo consequat.

Duis aute irure dolor in reprehenderit in voluptate velit esse cillum dolore eu fugiat nulla pariatur. Excepteur sint occaecat cupidatat non proident, sunt in culpa qui officia deserunt mollit anim id est laborum.]]></content:encoded>
		<excerpt:encoded><![CDATA[]]></excerpt:encoded>
		<wp:post_id>1862</wp:post_id>
		<wp:post_date>2013-08-22 08:23:39</wp:post_date>
		<wp:post_date_gmt>2013-08-22 08:23:39</wp:post_date_gmt>
		<wp:comment_status>closed</wp:comment_status>
		<wp:ping_status>closed</wp:ping_status>
		<wp:post_name>excepteur-sint-occaecat</wp:post_name>
		<wp:status>publish</wp:status>
		<wp:post_parent>0</wp:post_parent>
		<wp:menu_order>0</wp:menu_order>
		<wp:post_type>post-portfolio</wp:post_type>
		<wp:post_password></wp:post_password>
		<wp:is_sticky>0</wp:is_sticky>
		<category domain="post_tag" nicename="training-courses"><![CDATA[Training Courses]]></category>
		<wp:postmeta>
			<wp:meta_key>venue</wp:meta_key>
			<wp:meta_value><![CDATA[]]></wp:meta_value>
		</wp:postmeta>
		<wp:postmeta>
			<wp:meta_key>start_day</wp:meta_key>
			<wp:meta_value><![CDATA[]]></wp:meta_value>
		</wp:postmeta>
		<wp:postmeta>
			<wp:meta_key>end_day</wp:meta_key>
			<wp:meta_value><![CDATA[]]></wp:meta_value>
		</wp:postmeta>
		<wp:postmeta>
			<wp:meta_key>google_shortcode</wp:meta_key>
			<wp:meta_value><![CDATA[]]></wp:meta_value>
		</wp:postmeta>
		<wp:postmeta>
			<wp:meta_key>_edit_last</wp:meta_key>
			<wp:meta_value><![CDATA[2]]></wp:meta_value>
		</wp:postmeta>
		<wp:postmeta>
			<wp:meta_key>_thumbnail_id</wp:meta_key>
			<wp:meta_value><![CDATA[1718]]></wp:meta_value>
		</wp:postmeta>
		<wp:postmeta>
			<wp:meta_key>_wpb_vc_js_status</wp:meta_key>
			<wp:meta_value><![CDATA[false]]></wp:meta_value>
		</wp:postmeta>
		<wp:postmeta>
			<wp:meta_key>_wpb_vc_js_interface_version</wp:meta_key>
			<wp:meta_value><![CDATA[0]]></wp:meta_value>
		</wp:postmeta>
		<wp:postmeta>
			<wp:meta_key>page_subhead</wp:meta_key>
			<wp:meta_value><![CDATA[Excepteur sint occaecat cupidatat non proident]]></wp:meta_value>
		</wp:postmeta>
		<wp:postmeta>
			<wp:meta_key>background</wp:meta_key>
			<wp:meta_value><![CDATA[a:5:{s:16:"background-color";s:0:"";s:17:"background-repeat";s:0:"";s:21:"background-attachment";s:0:"";s:19:"background-position";s:0:"";s:16:"background-image";s:0:"";}]]></wp:meta_value>
		</wp:postmeta>
		<wp:postmeta>
			<wp:meta_key>show_hide_social_porfolio</wp:meta_key>
			<wp:meta_value><![CDATA[def]]></wp:meta_value>
		</wp:postmeta>
	</item>
	<item>
				<title>Speed It Up</title>
		<link>http://demo.cactusthemes.com/gpdark/post-portfolio/duis-aute-irure-dolor/</link>
		<pubDate>Thu, 22 Aug 2013 08:26:17 +0000</pubDate>
		<dc:creator><![CDATA[vantrimaster]]></dc:creator>
		<guid isPermaLink="false">http://demo.cactusthemes.com/gameplan/?post_type=post-portfolio&#038;p=1864</guid>
		<description></description>
		<content:encoded><![CDATA[Sed ut perspiciatis unde omnis iste natus error sit voluptatem accusantium doloremque laudantium, totam rem aperiam, eaque ipsa quae ab illo inventore veritatis et quasi architecto beatae vitae dicta sunt explicabo. Nemo enim ipsam voluptatem quia voluptas sit aspernatur aut odit aut fugit, sed quia consequuntur magni dolores eos qui ratione voluptatem sequi nesciunt.

Neque porro quisquam est, qui dolorem ipsum quia dolor sit amet, consectetur, adipisci velit, sed quia non numquam eius modi tempora incidunt ut labore et dolore magnam aliquam quaerat voluptatem. Quis autem vel eum iure reprehenderit qui in ea voluptate velit esse quam nihil molestiae consequatur, vel illum qui dolorem eum fugiat quo voluptas nulla pariatur?]]></content:encoded>
		<excerpt:encoded><![CDATA[]]></excerpt:encoded>
		<wp:post_id>1864</wp:post_id>
		<wp:post_date>2013-08-22 08:26:17</wp:post_date>
		<wp:post_date_gmt>2013-08-22 08:26:17</wp:post_date_gmt>
		<wp:comment_status>closed</wp:comment_status>
		<wp:ping_status>closed</wp:ping_status>
		<wp:post_name>duis-aute-irure-dolor</wp:post_name>
		<wp:status>publish</wp:status>
		<wp:post_parent>0</wp:post_parent>
		<wp:menu_order>0</wp:menu_order>
		<wp:post_type>post-portfolio</wp:post_type>
		<wp:post_password></wp:post_password>
		<wp:is_sticky>0</wp:is_sticky>
		<category domain="post_tag" nicename="training-courses"><![CDATA[Training Courses]]></category>
		<wp:postmeta>
			<wp:meta_key>venue</wp:meta_key>
			<wp:meta_value><![CDATA[]]></wp:meta_value>
		</wp:postmeta>
		<wp:postmeta>
			<wp:meta_key>start_day</wp:meta_key>
			<wp:meta_value><![CDATA[]]></wp:meta_value>
		</wp:postmeta>
		<wp:postmeta>
			<wp:meta_key>end_day</wp:meta_key>
			<wp:meta_value><![CDATA[]]></wp:meta_value>
		</wp:postmeta>
		<wp:postmeta>
			<wp:meta_key>google_shortcode</wp:meta_key>
			<wp:meta_value><![CDATA[]]></wp:meta_value>
		</wp:postmeta>
		<wp:postmeta>
			<wp:meta_key>_edit_last</wp:meta_key>
			<wp:meta_value><![CDATA[2]]></wp:meta_value>
		</wp:postmeta>
		<wp:postmeta>
			<wp:meta_key>_thumbnail_id</wp:meta_key>
			<wp:meta_value><![CDATA[1865]]></wp:meta_value>
		</wp:postmeta>
		<wp:postmeta>
			<wp:meta_key>_wpb_vc_js_status</wp:meta_key>
			<wp:meta_value><![CDATA[false]]></wp:meta_value>
		</wp:postmeta>
		<wp:postmeta>
			<wp:meta_key>_wpb_vc_js_interface_version</wp:meta_key>
			<wp:meta_value><![CDATA[0]]></wp:meta_value>
		</wp:postmeta>
		<wp:postmeta>
			<wp:meta_key>page_subhead</wp:meta_key>
			<wp:meta_value><![CDATA[Nemo enim ipsam voluptatem]]></wp:meta_value>
		</wp:postmeta>
		<wp:postmeta>
			<wp:meta_key>background</wp:meta_key>
			<wp:meta_value><![CDATA[a:5:{s:16:"background-color";s:0:"";s:17:"background-repeat";s:0:"";s:21:"background-attachment";s:0:"";s:19:"background-position";s:0:"";s:16:"background-image";s:0:"";}]]></wp:meta_value>
		</wp:postmeta>
		<wp:postmeta>
			<wp:meta_key>show_hide_social_porfolio</wp:meta_key>
			<wp:meta_value><![CDATA[def]]></wp:meta_value>
		</wp:postmeta>
	</item>
	<item>
				<title>Stay Healthy</title>
		<link>http://demo.cactusthemes.com/gpdark/post-portfolio/voluptatum-deleniti-atque/</link>
		<pubDate>Thu, 22 Aug 2013 08:27:51 +0000</pubDate>
		<dc:creator><![CDATA[vantrimaster]]></dc:creator>
		<guid isPermaLink="false">http://demo.cactusthemes.com/gameplan/?post_type=post-portfolio&#038;p=1866</guid>
		<description></description>
		<content:encoded><![CDATA[At vero eos et accusamus et iusto odio dignissimos ducimus qui blanditiis praesentium voluptatum deleniti atque corrupti quos dolores et quas molestias excepturi sint occaecati cupiditate non provident, similique sunt in culpa qui officia deserunt mollitia animi, id est laborum et dolorum fuga.

Et harum quidem rerum facilis est et expedita distinctio. Nam libero tempore, cum soluta nobis est eligendi optio cumque nihil impedit quo minus id quod maxime placeat facere possimus, omnis voluptas assumenda est, omnis dolor repellendus. Temporibus autem quibusdam et aut officiis debitis aut rerum necessitatibus saepe eveniet ut et voluptates repudiandae sint et molestiae non recusandae.]]></content:encoded>
		<excerpt:encoded><![CDATA[]]></excerpt:encoded>
		<wp:post_id>1866</wp:post_id>
		<wp:post_date>2013-08-22 08:27:51</wp:post_date>
		<wp:post_date_gmt>2013-08-22 08:27:51</wp:post_date_gmt>
		<wp:comment_status>closed</wp:comment_status>
		<wp:ping_status>closed</wp:ping_status>
		<wp:post_name>voluptatum-deleniti-atque</wp:post_name>
		<wp:status>publish</wp:status>
		<wp:post_parent>0</wp:post_parent>
		<wp:menu_order>0</wp:menu_order>
		<wp:post_type>post-portfolio</wp:post_type>
		<wp:post_password></wp:post_password>
		<wp:is_sticky>0</wp:is_sticky>
		<category domain="post_tag" nicename="training-courses"><![CDATA[Training Courses]]></category>
		<wp:postmeta>
			<wp:meta_key>venue</wp:meta_key>
			<wp:meta_value><![CDATA[]]></wp:meta_value>
		</wp:postmeta>
		<wp:postmeta>
			<wp:meta_key>start_day</wp:meta_key>
			<wp:meta_value><![CDATA[]]></wp:meta_value>
		</wp:postmeta>
		<wp:postmeta>
			<wp:meta_key>end_day</wp:meta_key>
			<wp:meta_value><![CDATA[]]></wp:meta_value>
		</wp:postmeta>
		<wp:postmeta>
			<wp:meta_key>google_shortcode</wp:meta_key>
			<wp:meta_value><![CDATA[]]></wp:meta_value>
		</wp:postmeta>
		<wp:postmeta>
			<wp:meta_key>_edit_last</wp:meta_key>
			<wp:meta_value><![CDATA[2]]></wp:meta_value>
		</wp:postmeta>
		<wp:postmeta>
			<wp:meta_key>_thumbnail_id</wp:meta_key>
			<wp:meta_value><![CDATA[3092]]></wp:meta_value>
		</wp:postmeta>
		<wp:postmeta>
			<wp:meta_key>_wpb_vc_js_status</wp:meta_key>
			<wp:meta_value><![CDATA[false]]></wp:meta_value>
		</wp:postmeta>
		<wp:postmeta>
			<wp:meta_key>_wpb_vc_js_interface_version</wp:meta_key>
			<wp:meta_value><![CDATA[0]]></wp:meta_value>
		</wp:postmeta>
		<wp:postmeta>
			<wp:meta_key>page_subhead</wp:meta_key>
			<wp:meta_value><![CDATA[Temporibus autem quibusdam et aut]]></wp:meta_value>
		</wp:postmeta>
		<wp:postmeta>
			<wp:meta_key>background</wp:meta_key>
			<wp:meta_value><![CDATA[a:5:{s:16:"background-color";s:0:"";s:17:"background-repeat";s:0:"";s:21:"background-attachment";s:0:"";s:19:"background-position";s:0:"";s:16:"background-image";s:0:"";}]]></wp:meta_value>
		</wp:postmeta>
		<wp:postmeta>
			<wp:meta_key>show_hide_social_porfolio</wp:meta_key>
			<wp:meta_value><![CDATA[def]]></wp:meta_value>
		</wp:postmeta>
	</item>
	<item>
				<title>Yoga 101</title>
		<link>http://demo.cactusthemes.com/gpdark/post-portfolio/sed-ut-perspiciatis/</link>
		<pubDate>Thu, 22 Aug 2013 08:34:00 +0000</pubDate>
		<dc:creator><![CDATA[vantrimaster]]></dc:creator>
		<guid isPermaLink="false">http://demo.cactusthemes.com/gameplan/?post_type=post-portfolio&#038;p=1868</guid>
		<description></description>
		<content:encoded><![CDATA[Nemo enim ipsam voluptatem quia voluptas sit aspernatur aut odit aut fugit, sed quia consequuntur magni dolores eos qui ratione voluptatem sequi nesciunt. Neque porro quisquam est, qui dolorem ipsum quia dolor sit amet, consectetur, adipisci velit, sed quia non numquam eius modi tempora incidunt ut labore et dolore magnam aliquam quaerat voluptatem.

Nemo enim ipsam voluptatem quia voluptas sit aspernatur aut odit aut fugit, sed quia consequuntur magni dolores eos qui ratione voluptatem sequi nesciunt. Neque porro quisquam est.]]></content:encoded>
		<excerpt:encoded><![CDATA[]]></excerpt:encoded>
		<wp:post_id>1868</wp:post_id>
		<wp:post_date>2013-08-22 08:34:00</wp:post_date>
		<wp:post_date_gmt>2013-08-22 08:34:00</wp:post_date_gmt>
		<wp:comment_status>closed</wp:comment_status>
		<wp:ping_status>closed</wp:ping_status>
		<wp:post_name>sed-ut-perspiciatis</wp:post_name>
		<wp:status>publish</wp:status>
		<wp:post_parent>0</wp:post_parent>
		<wp:menu_order>0</wp:menu_order>
		<wp:post_type>post-portfolio</wp:post_type>
		<wp:post_password></wp:post_password>
		<wp:is_sticky>0</wp:is_sticky>
		<category domain="post_tag" nicename="sport-games"><![CDATA[Sport Games]]></category>
		<category domain="post_tag" nicename="training-courses"><![CDATA[Training Courses]]></category>
		<wp:postmeta>
			<wp:meta_key>_thumbnail_id</wp:meta_key>
			<wp:meta_value><![CDATA[3093]]></wp:meta_value>
		</wp:postmeta>
		<wp:postmeta>
			<wp:meta_key>venue</wp:meta_key>
			<wp:meta_value><![CDATA[]]></wp:meta_value>
		</wp:postmeta>
		<wp:postmeta>
			<wp:meta_key>start_day</wp:meta_key>
			<wp:meta_value><![CDATA[]]></wp:meta_value>
		</wp:postmeta>
		<wp:postmeta>
			<wp:meta_key>end_day</wp:meta_key>
			<wp:meta_value><![CDATA[]]></wp:meta_value>
		</wp:postmeta>
		<wp:postmeta>
			<wp:meta_key>google_shortcode</wp:meta_key>
			<wp:meta_value><![CDATA[]]></wp:meta_value>
		</wp:postmeta>
		<wp:postmeta>
			<wp:meta_key>_edit_last</wp:meta_key>
			<wp:meta_value><![CDATA[2]]></wp:meta_value>
		</wp:postmeta>
		<wp:postmeta>
			<wp:meta_key>_wpb_vc_js_status</wp:meta_key>
			<wp:meta_value><![CDATA[false]]></wp:meta_value>
		</wp:postmeta>
		<wp:postmeta>
			<wp:meta_key>_wpb_vc_js_interface_version</wp:meta_key>
			<wp:meta_value><![CDATA[0]]></wp:meta_value>
		</wp:postmeta>
		<wp:postmeta>
			<wp:meta_key>page_subhead</wp:meta_key>
			<wp:meta_value><![CDATA[Nemo enim ipsam voluptatem quia]]></wp:meta_value>
		</wp:postmeta>
		<wp:postmeta>
			<wp:meta_key>background</wp:meta_key>
			<wp:meta_value><![CDATA[a:5:{s:16:"background-color";s:0:"";s:17:"background-repeat";s:0:"";s:21:"background-attachment";s:0:"";s:19:"background-position";s:0:"";s:16:"background-image";s:0:"";}]]></wp:meta_value>
		</wp:postmeta>
		<wp:postmeta>
			<wp:meta_key>show_hide_social_porfolio</wp:meta_key>
			<wp:meta_value><![CDATA[def]]></wp:meta_value>
		</wp:postmeta>
	</item>
	<item>
				<title>Nam Libero Tempore</title>
		<link>http://demo.cactusthemes.com/gpdark/post-portfolio/nam-libero-tempore/</link>
		<pubDate>Thu, 22 Aug 2013 08:35:29 +0000</pubDate>
		<dc:creator><![CDATA[vantrimaster]]></dc:creator>
		<guid isPermaLink="false">http://demo.cactusthemes.com/gameplan/?post_type=post-portfolio&#038;p=1870</guid>
		<description></description>
		<content:encoded><![CDATA[At vero eos et accusamus et iusto odio dignissimos ducimus qui blanditiis praesentium voluptatum deleniti atque corrupti quos dolores et quas molestias excepturi sint occaecati cupiditate non provident, similique sunt in culpa qui officia deserunt mollitia animi, id est laborum et dolorum fuga. Est et expedita distinctio.

Temporibus autem quibusdam et aut officiis debitis aut rerum necessitatibus saepe eveniet ut et voluptates repudiandae sint et molestiae non recusandae. Itaque earum rerum hic tenetur a sapiente delectus, ut aut reiciendis voluptatibus maiores alias consequatur aut perferendis doloribus asperiores repellat.]]></content:encoded>
		<excerpt:encoded><![CDATA[]]></excerpt:encoded>
		<wp:post_id>1870</wp:post_id>
		<wp:post_date>2013-08-22 08:35:29</wp:post_date>
		<wp:post_date_gmt>2013-08-22 08:35:29</wp:post_date_gmt>
		<wp:comment_status>closed</wp:comment_status>
		<wp:ping_status>closed</wp:ping_status>
		<wp:post_name>nam-libero-tempore</wp:post_name>
		<wp:status>publish</wp:status>
		<wp:post_parent>0</wp:post_parent>
		<wp:menu_order>0</wp:menu_order>
		<wp:post_type>post-portfolio</wp:post_type>
		<wp:post_password></wp:post_password>
		<wp:is_sticky>0</wp:is_sticky>
		<category domain="post_tag" nicename="event-planner"><![CDATA[Event Planner]]></category>
		<category domain="post_tag" nicename="sport-games"><![CDATA[Sport Games]]></category>
		<wp:postmeta>
			<wp:meta_key>venue</wp:meta_key>
			<wp:meta_value><![CDATA[]]></wp:meta_value>
		</wp:postmeta>
		<wp:postmeta>
			<wp:meta_key>start_day</wp:meta_key>
			<wp:meta_value><![CDATA[]]></wp:meta_value>
		</wp:postmeta>
		<wp:postmeta>
			<wp:meta_key>end_day</wp:meta_key>
			<wp:meta_value><![CDATA[]]></wp:meta_value>
		</wp:postmeta>
		<wp:postmeta>
			<wp:meta_key>google_shortcode</wp:meta_key>
			<wp:meta_value><![CDATA[]]></wp:meta_value>
		</wp:postmeta>
		<wp:postmeta>
			<wp:meta_key>_edit_last</wp:meta_key>
			<wp:meta_value><![CDATA[2]]></wp:meta_value>
		</wp:postmeta>
		<wp:postmeta>
			<wp:meta_key>_thumbnail_id</wp:meta_key>
			<wp:meta_value><![CDATA[3094]]></wp:meta_value>
		</wp:postmeta>
		<wp:postmeta>
			<wp:meta_key>_wpb_vc_js_status</wp:meta_key>
			<wp:meta_value><![CDATA[false]]></wp:meta_value>
		</wp:postmeta>
		<wp:postmeta>
			<wp:meta_key>_wpb_vc_js_interface_version</wp:meta_key>
			<wp:meta_value><![CDATA[0]]></wp:meta_value>
		</wp:postmeta>
		<wp:postmeta>
			<wp:meta_key>page_subhead</wp:meta_key>
			<wp:meta_value><![CDATA[Et harum quidem rerum facilis]]></wp:meta_value>
		</wp:postmeta>
		<wp:postmeta>
			<wp:meta_key>background</wp:meta_key>
			<wp:meta_value><![CDATA[a:5:{s:16:"background-color";s:0:"";s:17:"background-repeat";s:0:"";s:21:"background-attachment";s:0:"";s:19:"background-position";s:0:"";s:16:"background-image";s:0:"";}]]></wp:meta_value>
		</wp:postmeta>
		<wp:postmeta>
			<wp:meta_key>single_portfolio_layout</wp:meta_key>
			<wp:meta_value><![CDATA[wide]]></wp:meta_value>
		</wp:postmeta>
	</item>
	<item>
				<title>Temporibus Autem</title>
		<link>http://demo.cactusthemes.com/gpdark/post-portfolio/temporibus-autem/</link>
		<pubDate>Thu, 22 Aug 2013 08:37:19 +0000</pubDate>
		<dc:creator><![CDATA[vantrimaster]]></dc:creator>
		<guid isPermaLink="false">http://demo.cactusthemes.com/gameplan/?post_type=post-portfolio&#038;p=1872</guid>
		<description></description>
		<content:encoded><![CDATA[Temporibus autem quibusdam et aut officiis debitis aut rerum necessitatibus saepe eveniet ut et voluptates repudiandae sint et molestiae non recusandae. Itaque earum rerum hic tenetur a sapiente delectus, ut aut reiciendis voluptatibus maiores alias consequatur aut perferendis doloribus asperiores repellat.

Et harum quidem rerum facilis est et expedita distinctio. Nam libero tempore, cum soluta nobis est eligendi optio cumque nihil impedit quo minus id quod maxime placeat facere possimus, omnis voluptas assumenda est, omnis dolor repellendus. Temporibus autem quibusdam et aut officiis debitis aut rerum necessitatibus saepe eveniet ut et voluptates repudiandae sint et molestiae non recusandae.]]></content:encoded>
		<excerpt:encoded><![CDATA[]]></excerpt:encoded>
		<wp:post_id>1872</wp:post_id>
		<wp:post_date>2013-08-22 08:37:19</wp:post_date>
		<wp:post_date_gmt>2013-08-22 08:37:19</wp:post_date_gmt>
		<wp:comment_status>closed</wp:comment_status>
		<wp:ping_status>closed</wp:ping_status>
		<wp:post_name>temporibus-autem</wp:post_name>
		<wp:status>publish</wp:status>
		<wp:post_parent>0</wp:post_parent>
		<wp:menu_order>0</wp:menu_order>
		<wp:post_type>post-portfolio</wp:post_type>
		<wp:post_password></wp:post_password>
		<wp:is_sticky>0</wp:is_sticky>
		<category domain="post_tag" nicename="event-planner"><![CDATA[Event Planner]]></category>
		<category domain="post_tag" nicename="sport-games"><![CDATA[Sport Games]]></category>
		<wp:postmeta>
			<wp:meta_key>venue</wp:meta_key>
			<wp:meta_value><![CDATA[]]></wp:meta_value>
		</wp:postmeta>
		<wp:postmeta>
			<wp:meta_key>start_day</wp:meta_key>
			<wp:meta_value><![CDATA[]]></wp:meta_value>
		</wp:postmeta>
		<wp:postmeta>
			<wp:meta_key>end_day</wp:meta_key>
			<wp:meta_value><![CDATA[]]></wp:meta_value>
		</wp:postmeta>
		<wp:postmeta>
			<wp:meta_key>google_shortcode</wp:meta_key>
			<wp:meta_value><![CDATA[]]></wp:meta_value>
		</wp:postmeta>
		<wp:postmeta>
			<wp:meta_key>_edit_last</wp:meta_key>
			<wp:meta_value><![CDATA[2]]></wp:meta_value>
		</wp:postmeta>
		<wp:postmeta>
			<wp:meta_key>_thumbnail_id</wp:meta_key>
			<wp:meta_value><![CDATA[3095]]></wp:meta_value>
		</wp:postmeta>
		<wp:postmeta>
			<wp:meta_key>_wpb_vc_js_status</wp:meta_key>
			<wp:meta_value><![CDATA[false]]></wp:meta_value>
		</wp:postmeta>
		<wp:postmeta>
			<wp:meta_key>_wpb_vc_js_interface_version</wp:meta_key>
			<wp:meta_value><![CDATA[0]]></wp:meta_value>
		</wp:postmeta>
		<wp:postmeta>
			<wp:meta_key>page_subhead</wp:meta_key>
			<wp:meta_value><![CDATA[Nam libero tempore cum soluta]]></wp:meta_value>
		</wp:postmeta>
		<wp:postmeta>
			<wp:meta_key>background</wp:meta_key>
			<wp:meta_value><![CDATA[a:5:{s:16:"background-color";s:0:"";s:17:"background-repeat";s:0:"";s:21:"background-attachment";s:0:"";s:19:"background-position";s:0:"";s:16:"background-image";s:0:"";}]]></wp:meta_value>
		</wp:postmeta>
	</item>
	<item>
				<title>Take It Back</title>
		<link>http://demo.cactusthemes.com/gpdark/post-portfolio/itaque-earum-rerum/</link>
		<pubDate>Thu, 22 Aug 2013 08:38:40 +0000</pubDate>
		<dc:creator><![CDATA[vantrimaster]]></dc:creator>
		<guid isPermaLink="false">http://demo.cactusthemes.com/gameplan/?post_type=post-portfolio&#038;p=1874</guid>
		<description></description>
		<content:encoded><![CDATA[Et harum quidem rerum facilis est et expedita distinctio. Nam libero tempore, cum soluta nobis est eligendi optio cumque nihil impedit quo minus id quod maxime placeat facere possimus, omnis voluptas assumenda est, omnis dolor repellendus. Temporibus autem quibusdam et aut officiis debitis aut rerum necessitatibus saepe eveniet ut et voluptates repudiandae sint et molestiae non recusandae.

Et harum quidem rerum facilis est et expedita distinctio. Nam libero tempore, cum soluta nobis est eligendi optio cumque nihil impedit quo minus id quod maxime placeat facere possimus, omnis voluptas assumenda est, omnis dolor repellendus. Temporibus autem quibusdam et aut officiis debitis aut rerum necessitatibus saepe eveniet ut et voluptates repudiandae sint et molestiae non recusandae.]]></content:encoded>
		<excerpt:encoded><![CDATA[]]></excerpt:encoded>
		<wp:post_id>1874</wp:post_id>
		<wp:post_date>2013-08-22 08:38:40</wp:post_date>
		<wp:post_date_gmt>2013-08-22 08:38:40</wp:post_date_gmt>
		<wp:comment_status>closed</wp:comment_status>
		<wp:ping_status>closed</wp:ping_status>
		<wp:post_name>itaque-earum-rerum</wp:post_name>
		<wp:status>publish</wp:status>
		<wp:post_parent>0</wp:post_parent>
		<wp:menu_order>0</wp:menu_order>
		<wp:post_type>post-portfolio</wp:post_type>
		<wp:post_password></wp:post_password>
		<wp:is_sticky>0</wp:is_sticky>
		<category domain="post_tag" nicename="sport-games"><![CDATA[Sport Games]]></category>
		<wp:postmeta>
			<wp:meta_key>_thumbnail_id</wp:meta_key>
			<wp:meta_value><![CDATA[3096]]></wp:meta_value>
		</wp:postmeta>
		<wp:postmeta>
			<wp:meta_key>venue</wp:meta_key>
			<wp:meta_value><![CDATA[]]></wp:meta_value>
		</wp:postmeta>
		<wp:postmeta>
			<wp:meta_key>start_day</wp:meta_key>
			<wp:meta_value><![CDATA[]]></wp:meta_value>
		</wp:postmeta>
		<wp:postmeta>
			<wp:meta_key>end_day</wp:meta_key>
			<wp:meta_value><![CDATA[]]></wp:meta_value>
		</wp:postmeta>
		<wp:postmeta>
			<wp:meta_key>google_shortcode</wp:meta_key>
			<wp:meta_value><![CDATA[]]></wp:meta_value>
		</wp:postmeta>
		<wp:postmeta>
			<wp:meta_key>_edit_last</wp:meta_key>
			<wp:meta_value><![CDATA[2]]></wp:meta_value>
		</wp:postmeta>
		<wp:postmeta>
			<wp:meta_key>_wpb_vc_js_status</wp:meta_key>
			<wp:meta_value><![CDATA[false]]></wp:meta_value>
		</wp:postmeta>
		<wp:postmeta>
			<wp:meta_key>_wpb_vc_js_interface_version</wp:meta_key>
			<wp:meta_value><![CDATA[0]]></wp:meta_value>
		</wp:postmeta>
		<wp:postmeta>
			<wp:meta_key>page_subhead</wp:meta_key>
			<wp:meta_value><![CDATA[Temporibus autem quibusdam et aut]]></wp:meta_value>
		</wp:postmeta>
		<wp:postmeta>
			<wp:meta_key>background</wp:meta_key>
			<wp:meta_value><![CDATA[a:5:{s:16:"background-color";s:0:"";s:17:"background-repeat";s:0:"";s:21:"background-attachment";s:0:"";s:19:"background-position";s:0:"";s:16:"background-image";s:0:"";}]]></wp:meta_value>
		</wp:postmeta>
		<wp:postmeta>
			<wp:meta_key>show_hide_social_porfolio</wp:meta_key>
			<wp:meta_value><![CDATA[def]]></wp:meta_value>
		</wp:postmeta>
	</item>
	<item>
				<title>Live Happily</title>
		<link>http://demo.cactusthemes.com/gpdark/post-portfolio/exercitationem-ullam/</link>
		<pubDate>Thu, 22 Aug 2013 08:40:21 +0000</pubDate>
		<dc:creator><![CDATA[vantrimaster]]></dc:creator>
		<guid isPermaLink="false">http://demo.cactusthemes.com/gameplan/?post_type=post-portfolio&#038;p=1876</guid>
		<description></description>
		<content:encoded><![CDATA[Sed ut perspiciatis unde omnis iste natus error sit voluptatem accusantium doloremque laudantium, totam rem aperiam, eaque ipsa quae ab illo inventore veritatis et quasi architecto beatae vitae dicta sunt explicabo.

Nemo enim ipsam voluptatem quia voluptas sit aspernatur aut odit aut fugit, sed quia consequuntur magni dolores eos qui ratione voluptatem sequi nesciunt. Neque porro quisquam est, qui dolorem ipsum quia dolor sit amet, consectetur, adipisci velit, sed quia non numquam eius modi tempora incidunt ut labore et dolore magnam aliquam quaerat voluptatem.]]></content:encoded>
		<excerpt:encoded><![CDATA[]]></excerpt:encoded>
		<wp:post_id>1876</wp:post_id>
		<wp:post_date>2013-08-22 08:40:21</wp:post_date>
		<wp:post_date_gmt>2013-08-22 08:40:21</wp:post_date_gmt>
		<wp:comment_status>closed</wp:comment_status>
		<wp:ping_status>closed</wp:ping_status>
		<wp:post_name>exercitationem-ullam</wp:post_name>
		<wp:status>publish</wp:status>
		<wp:post_parent>0</wp:post_parent>
		<wp:menu_order>0</wp:menu_order>
		<wp:post_type>post-portfolio</wp:post_type>
		<wp:post_password></wp:post_password>
		<wp:is_sticky>0</wp:is_sticky>
		<category domain="post_tag" nicename="sport-games"><![CDATA[Sport Games]]></category>
		<wp:postmeta>
			<wp:meta_key>venue</wp:meta_key>
			<wp:meta_value><![CDATA[]]></wp:meta_value>
		</wp:postmeta>
		<wp:postmeta>
			<wp:meta_key>start_day</wp:meta_key>
			<wp:meta_value><![CDATA[]]></wp:meta_value>
		</wp:postmeta>
		<wp:postmeta>
			<wp:meta_key>end_day</wp:meta_key>
			<wp:meta_value><![CDATA[]]></wp:meta_value>
		</wp:postmeta>
		<wp:postmeta>
			<wp:meta_key>google_shortcode</wp:meta_key>
			<wp:meta_value><![CDATA[]]></wp:meta_value>
		</wp:postmeta>
		<wp:postmeta>
			<wp:meta_key>_edit_last</wp:meta_key>
			<wp:meta_value><![CDATA[2]]></wp:meta_value>
		</wp:postmeta>
		<wp:postmeta>
			<wp:meta_key>_thumbnail_id</wp:meta_key>
			<wp:meta_value><![CDATA[3097]]></wp:meta_value>
		</wp:postmeta>
		<wp:postmeta>
			<wp:meta_key>_wpb_vc_js_status</wp:meta_key>
			<wp:meta_value><![CDATA[false]]></wp:meta_value>
		</wp:postmeta>
		<wp:postmeta>
			<wp:meta_key>_wpb_vc_js_interface_version</wp:meta_key>
			<wp:meta_value><![CDATA[0]]></wp:meta_value>
		</wp:postmeta>
		<wp:postmeta>
			<wp:meta_key>page_subhead</wp:meta_key>
			<wp:meta_value><![CDATA[Nemo enim ipsam voluptatem dolore]]></wp:meta_value>
		</wp:postmeta>
		<wp:postmeta>
			<wp:meta_key>background</wp:meta_key>
			<wp:meta_value><![CDATA[a:5:{s:16:"background-color";s:0:"";s:17:"background-repeat";s:0:"";s:21:"background-attachment";s:0:"";s:19:"background-position";s:0:"";s:16:"background-image";s:0:"";}]]></wp:meta_value>
		</wp:postmeta>
		<wp:postmeta>
			<wp:meta_key>show_hide_social_porfolio</wp:meta_key>
			<wp:meta_value><![CDATA[def]]></wp:meta_value>
		</wp:postmeta>
	</item>
	<item>
				<title>Muscle Builder</title>
		<link>http://demo.cactusthemes.com/gpdark/post-portfolio/et-dolore-magnam/</link>
		<pubDate>Thu, 22 Aug 2013 08:42:00 +0000</pubDate>
		<dc:creator><![CDATA[vantrimaster]]></dc:creator>
		<guid isPermaLink="false">http://demo.cactusthemes.com/gameplan/?post_type=post-portfolio&#038;p=1878</guid>
		<description></description>
		<content:encoded><![CDATA[Adipisci velit, sed quia non numquam eius modi tempora incidunt ut labore et dolore magnam aliquam quaerat voluptatem. Ut enim ad minima veniam, quis nostrum exercitationem ullam corporis suscipit laboriosam, nisi ut aliquid ex ea commodi consequatur.

Neque porro quisquam est, qui dolorem ipsum quia dolor sit amet, consectetur, adipisci velit, sed quia non numquam eius modi tempora incidunt ut labore et dolore magnam aliquam quaerat voluptatem. Ut enim ad minima veniam, quis nostrum exercitationem ullam corporis suscipit laboriosam, nisi ut aliquid ex ea commodi consequatur.]]></content:encoded>
		<excerpt:encoded><![CDATA[]]></excerpt:encoded>
		<wp:post_id>1878</wp:post_id>
		<wp:post_date>2013-08-22 08:42:00</wp:post_date>
		<wp:post_date_gmt>2013-08-22 08:42:00</wp:post_date_gmt>
		<wp:comment_status>closed</wp:comment_status>
		<wp:ping_status>closed</wp:ping_status>
		<wp:post_name>et-dolore-magnam</wp:post_name>
		<wp:status>publish</wp:status>
		<wp:post_parent>0</wp:post_parent>
		<wp:menu_order>0</wp:menu_order>
		<wp:post_type>post-portfolio</wp:post_type>
		<wp:post_password></wp:post_password>
		<wp:is_sticky>0</wp:is_sticky>
		<category domain="post_tag" nicename="event-planner"><![CDATA[Event Planner]]></category>
		<category domain="post_tag" nicename="fitness-class"><![CDATA[Fitness Class]]></category>
		<category domain="post_tag" nicename="trip-planner"><![CDATA[Trip Planner]]></category>
		<wp:postmeta>
			<wp:meta_key>venue</wp:meta_key>
			<wp:meta_value><![CDATA[]]></wp:meta_value>
		</wp:postmeta>
		<wp:postmeta>
			<wp:meta_key>start_day</wp:meta_key>
			<wp:meta_value><![CDATA[]]></wp:meta_value>
		</wp:postmeta>
		<wp:postmeta>
			<wp:meta_key>end_day</wp:meta_key>
			<wp:meta_value><![CDATA[]]></wp:meta_value>
		</wp:postmeta>
		<wp:postmeta>
			<wp:meta_key>google_shortcode</wp:meta_key>
			<wp:meta_value><![CDATA[]]></wp:meta_value>
		</wp:postmeta>
		<wp:postmeta>
			<wp:meta_key>_edit_last</wp:meta_key>
			<wp:meta_value><![CDATA[2]]></wp:meta_value>
		</wp:postmeta>
		<wp:postmeta>
			<wp:meta_key>_thumbnail_id</wp:meta_key>
			<wp:meta_value><![CDATA[1715]]></wp:meta_value>
		</wp:postmeta>
		<wp:postmeta>
			<wp:meta_key>_wpb_vc_js_status</wp:meta_key>
			<wp:meta_value><![CDATA[false]]></wp:meta_value>
		</wp:postmeta>
		<wp:postmeta>
			<wp:meta_key>_wpb_vc_js_interface_version</wp:meta_key>
			<wp:meta_value><![CDATA[0]]></wp:meta_value>
		</wp:postmeta>
		<wp:postmeta>
			<wp:meta_key>page_subhead</wp:meta_key>
			<wp:meta_value><![CDATA[Aliquid ex ea commodi consequatur]]></wp:meta_value>
		</wp:postmeta>
		<wp:postmeta>
			<wp:meta_key>background</wp:meta_key>
			<wp:meta_value><![CDATA[a:5:{s:16:"background-color";s:0:"";s:17:"background-repeat";s:0:"";s:21:"background-attachment";s:0:"";s:19:"background-position";s:0:"";s:16:"background-image";s:0:"";}]]></wp:meta_value>
		</wp:postmeta>
		<wp:postmeta>
			<wp:meta_key>show_hide_social_porfolio</wp:meta_key>
			<wp:meta_value><![CDATA[def]]></wp:meta_value>
		</wp:postmeta>
	</item>
	<item>
				<title>No Pain No Gain</title>
		<link>http://demo.cactusthemes.com/gpdark/post-portfolio/beatae-vitae-dicta-sunt/</link>
		<pubDate>Thu, 22 Aug 2013 08:43:41 +0000</pubDate>
		<dc:creator><![CDATA[vantrimaster]]></dc:creator>
		<guid isPermaLink="false">http://demo.cactusthemes.com/gameplan/?post_type=post-portfolio&#038;p=1880</guid>
		<description></description>
		<content:encoded><![CDATA[Sed ut perspiciatis unde omnis iste natus error sit voluptatem accusantium doloremque laudantium, totam rem aperiam, eaque ipsa quae ab illo inventore veritatis et quasi architecto beatae vitae dicta sunt explicabo.

Nemo enim ipsam voluptatem quia voluptas sit aspernatur aut odit aut fugit, sed quia consequuntur magni dolores eos qui ratione voluptatem sequi nesciunt. Neque porro quisquam est, qui dolorem ipsum quia dolor sit amet, consectetur, adipisci velit, sed quia non numquam eius modi tempora incidunt ut labore et dolore magnam aliquam quaerat voluptatem.]]></content:encoded>
		<excerpt:encoded><![CDATA[]]></excerpt:encoded>
		<wp:post_id>1880</wp:post_id>
		<wp:post_date>2013-08-22 08:43:41</wp:post_date>
		<wp:post_date_gmt>2013-08-22 08:43:41</wp:post_date_gmt>
		<wp:comment_status>closed</wp:comment_status>
		<wp:ping_status>closed</wp:ping_status>
		<wp:post_name>beatae-vitae-dicta-sunt</wp:post_name>
		<wp:status>publish</wp:status>
		<wp:post_parent>0</wp:post_parent>
		<wp:menu_order>0</wp:menu_order>
		<wp:post_type>post-portfolio</wp:post_type>
		<wp:post_password></wp:post_password>
		<wp:is_sticky>0</wp:is_sticky>
		<category domain="post_tag" nicename="event-planner"><![CDATA[Event Planner]]></category>
		<category domain="post_tag" nicename="trip-planner"><![CDATA[Trip Planner]]></category>
		<wp:postmeta>
			<wp:meta_key>venue</wp:meta_key>
			<wp:meta_value><![CDATA[]]></wp:meta_value>
		</wp:postmeta>
		<wp:postmeta>
			<wp:meta_key>start_day</wp:meta_key>
			<wp:meta_value><![CDATA[]]></wp:meta_value>
		</wp:postmeta>
		<wp:postmeta>
			<wp:meta_key>end_day</wp:meta_key>
			<wp:meta_value><![CDATA[]]></wp:meta_value>
		</wp:postmeta>
		<wp:postmeta>
			<wp:meta_key>google_shortcode</wp:meta_key>
			<wp:meta_value><![CDATA[]]></wp:meta_value>
		</wp:postmeta>
		<wp:postmeta>
			<wp:meta_key>_edit_last</wp:meta_key>
			<wp:meta_value><![CDATA[1]]></wp:meta_value>
		</wp:postmeta>
		<wp:postmeta>
			<wp:meta_key>_thumbnail_id</wp:meta_key>
			<wp:meta_value><![CDATA[3098]]></wp:meta_value>
		</wp:postmeta>
		<wp:postmeta>
			<wp:meta_key>_wpb_vc_js_status</wp:meta_key>
			<wp:meta_value><![CDATA[false]]></wp:meta_value>
		</wp:postmeta>
		<wp:postmeta>
			<wp:meta_key>_wpb_vc_js_interface_version</wp:meta_key>
			<wp:meta_value><![CDATA[0]]></wp:meta_value>
		</wp:postmeta>
		<wp:postmeta>
			<wp:meta_key>page_subhead</wp:meta_key>
			<wp:meta_value><![CDATA[Dolorem ipsum quia dolor sit amet]]></wp:meta_value>
		</wp:postmeta>
		<wp:postmeta>
			<wp:meta_key>background</wp:meta_key>
			<wp:meta_value><![CDATA[a:5:{s:16:"background-color";s:0:"";s:17:"background-repeat";s:0:"";s:21:"background-attachment";s:0:"";s:19:"background-position";s:0:"";s:16:"background-image";s:0:"";}]]></wp:meta_value>
		</wp:postmeta>
		<wp:postmeta>
			<wp:meta_key>show_hide_social_porfolio</wp:meta_key>
			<wp:meta_value><![CDATA[def]]></wp:meta_value>
		</wp:postmeta>
	</item>
	<item>
				<title>Office Workout</title>
		<link>http://demo.cactusthemes.com/gpdark/post-portfolio/ullam-corporis-suscipit/</link>
		<pubDate>Thu, 22 Aug 2013 08:47:04 +0000</pubDate>
		<dc:creator><![CDATA[vantrimaster]]></dc:creator>
		<guid isPermaLink="false">http://demo.cactusthemes.com/gameplan/?post_type=post-portfolio&#038;p=1882</guid>
		<description></description>
		<content:encoded><![CDATA[Sed ut perspiciatis unde omnis iste natus error sit voluptatem accusantium doloremque laudantium, totam rem aperiam, eaque ipsa quae ab illo inventore veritatis et quasi architecto beatae vitae dicta sunt explicabo. Nemo enim ipsam voluptatem quia voluptas sit aspernatur aut odit aut fugit, sed quia consequuntur magni dolores eos qui ratione voluptatem sequi nesciunt.

Unde omnis iste natus error sit voluptatem accusantium doloremque laudantium, totam rem aperiam, eaque ipsa quae ab illo inventore veritatis et quasi architecto beatae vitae dicta sunt explicabo. Nemo enim ipsam voluptatem quia voluptas sit aspernatur aut odit aut fugit, sed quia consequuntur magni dolores eos qui ratione voluptatem sequi nesciunt.]]></content:encoded>
		<excerpt:encoded><![CDATA[]]></excerpt:encoded>
		<wp:post_id>1882</wp:post_id>
		<wp:post_date>2013-08-22 08:47:04</wp:post_date>
		<wp:post_date_gmt>2013-08-22 08:47:04</wp:post_date_gmt>
		<wp:comment_status>closed</wp:comment_status>
		<wp:ping_status>closed</wp:ping_status>
		<wp:post_name>ullam-corporis-suscipit</wp:post_name>
		<wp:status>publish</wp:status>
		<wp:post_parent>0</wp:post_parent>
		<wp:menu_order>0</wp:menu_order>
		<wp:post_type>post-portfolio</wp:post_type>
		<wp:post_password></wp:post_password>
		<wp:is_sticky>0</wp:is_sticky>
		<category domain="post_tag" nicename="event-planner"><![CDATA[Event Planner]]></category>
		<category domain="post_tag" nicename="training-courses"><![CDATA[Training Courses]]></category>
		<wp:postmeta>
			<wp:meta_key>_thumbnail_id</wp:meta_key>
			<wp:meta_value><![CDATA[3103]]></wp:meta_value>
		</wp:postmeta>
		<wp:postmeta>
			<wp:meta_key>venue</wp:meta_key>
			<wp:meta_value><![CDATA[]]></wp:meta_value>
		</wp:postmeta>
		<wp:postmeta>
			<wp:meta_key>start_day</wp:meta_key>
			<wp:meta_value><![CDATA[]]></wp:meta_value>
		</wp:postmeta>
		<wp:postmeta>
			<wp:meta_key>end_day</wp:meta_key>
			<wp:meta_value><![CDATA[]]></wp:meta_value>
		</wp:postmeta>
		<wp:postmeta>
			<wp:meta_key>google_shortcode</wp:meta_key>
			<wp:meta_value><![CDATA[]]></wp:meta_value>
		</wp:postmeta>
		<wp:postmeta>
			<wp:meta_key>_edit_last</wp:meta_key>
			<wp:meta_value><![CDATA[2]]></wp:meta_value>
		</wp:postmeta>
		<wp:postmeta>
			<wp:meta_key>show_hide_social_porfolio</wp:meta_key>
			<wp:meta_value><![CDATA[def]]></wp:meta_value>
		</wp:postmeta>
		<wp:postmeta>
			<wp:meta_key>_wpb_vc_js_status</wp:meta_key>
			<wp:meta_value><![CDATA[false]]></wp:meta_value>
		</wp:postmeta>
		<wp:postmeta>
			<wp:meta_key>_wpb_vc_js_interface_version</wp:meta_key>
			<wp:meta_value><![CDATA[0]]></wp:meta_value>
		</wp:postmeta>
		<wp:postmeta>
			<wp:meta_key>background</wp:meta_key>
			<wp:meta_value><![CDATA[a:5:{s:16:"background-color";s:0:"";s:17:"background-repeat";s:0:"";s:21:"background-attachment";s:0:"";s:19:"background-position";s:0:"";s:16:"background-image";s:0:"";}]]></wp:meta_value>
		</wp:postmeta>
	</item>
	<item>
				<title>Get Ready Today</title>
		<link>http://demo.cactusthemes.com/gpdark/post-portfolio/temporibus-autem-2/</link>
		<pubDate>Thu, 22 Aug 2013 08:49:08 +0000</pubDate>
		<dc:creator><![CDATA[vantrimaster]]></dc:creator>
		<guid isPermaLink="false">http://demo.cactusthemes.com/gameplan/?post_type=post-portfolio&#038;p=1884</guid>
		<description></description>
		<content:encoded><![CDATA[At vero eos et accusamus et iusto odio dignissimos ducimus qui blanditiis praesentium voluptatum deleniti atque corrupti quos dolores et quas molestias excepturi sint occaecati cupiditate non provident, similique sunt in culpa qui officia deserunt mollitia animi, id est laborum et dolorum fuga. Et harum quidem rerum facilis est et expedita distinctio.

Nam libero tempore, cum soluta nobis est eligendi optio cumque nihil impedit quo minus id quod maxime placeat facere possimus, omnis voluptas assumenda est, omnis dolor repellendus.]]></content:encoded>
		<excerpt:encoded><![CDATA[]]></excerpt:encoded>
		<wp:post_id>1884</wp:post_id>
		<wp:post_date>2013-08-22 08:49:08</wp:post_date>
		<wp:post_date_gmt>2013-08-22 08:49:08</wp:post_date_gmt>
		<wp:comment_status>closed</wp:comment_status>
		<wp:ping_status>closed</wp:ping_status>
		<wp:post_name>temporibus-autem-2</wp:post_name>
		<wp:status>publish</wp:status>
		<wp:post_parent>0</wp:post_parent>
		<wp:menu_order>0</wp:menu_order>
		<wp:post_type>post-portfolio</wp:post_type>
		<wp:post_password></wp:post_password>
		<wp:is_sticky>0</wp:is_sticky>
		<category domain="post_tag" nicename="trip-planner"><![CDATA[Trip Planner]]></category>
		<wp:postmeta>
			<wp:meta_key>venue</wp:meta_key>
			<wp:meta_value><![CDATA[]]></wp:meta_value>
		</wp:postmeta>
		<wp:postmeta>
			<wp:meta_key>start_day</wp:meta_key>
			<wp:meta_value><![CDATA[]]></wp:meta_value>
		</wp:postmeta>
		<wp:postmeta>
			<wp:meta_key>end_day</wp:meta_key>
			<wp:meta_value><![CDATA[]]></wp:meta_value>
		</wp:postmeta>
		<wp:postmeta>
			<wp:meta_key>google_shortcode</wp:meta_key>
			<wp:meta_value><![CDATA[]]></wp:meta_value>
		</wp:postmeta>
		<wp:postmeta>
			<wp:meta_key>_edit_last</wp:meta_key>
			<wp:meta_value><![CDATA[2]]></wp:meta_value>
		</wp:postmeta>
		<wp:postmeta>
			<wp:meta_key>_thumbnail_id</wp:meta_key>
			<wp:meta_value><![CDATA[3104]]></wp:meta_value>
		</wp:postmeta>
		<wp:postmeta>
			<wp:meta_key>_wpb_vc_js_status</wp:meta_key>
			<wp:meta_value><![CDATA[false]]></wp:meta_value>
		</wp:postmeta>
		<wp:postmeta>
			<wp:meta_key>_wpb_vc_js_interface_version</wp:meta_key>
			<wp:meta_value><![CDATA[0]]></wp:meta_value>
		</wp:postmeta>
		<wp:postmeta>
			<wp:meta_key>page_subhead</wp:meta_key>
			<wp:meta_value><![CDATA[Nam libero tempore cum soluta nobis]]></wp:meta_value>
		</wp:postmeta>
		<wp:postmeta>
			<wp:meta_key>background</wp:meta_key>
			<wp:meta_value><![CDATA[a:5:{s:16:"background-color";s:0:"";s:17:"background-repeat";s:0:"";s:21:"background-attachment";s:0:"";s:19:"background-position";s:0:"";s:16:"background-image";s:0:"";}]]></wp:meta_value>
		</wp:postmeta>
		<wp:postmeta>
			<wp:meta_key>show_hide_social_porfolio</wp:meta_key>
			<wp:meta_value><![CDATA[def]]></wp:meta_value>
		</wp:postmeta>
	</item>
	<item>
				<title>Aerobic 101</title>
		<link>http://demo.cactusthemes.com/gpdark/post-portfolio/suscipit-laboriosam/</link>
		<pubDate>Thu, 22 Aug 2013 08:50:43 +0000</pubDate>
		<dc:creator><![CDATA[vantrimaster]]></dc:creator>
		<guid isPermaLink="false">http://demo.cactusthemes.com/gameplan/?post_type=post-portfolio&#038;p=1886</guid>
		<description></description>
		<content:encoded><![CDATA[Sed ut perspiciatis unde omnis iste natus error sit voluptatem accusantium doloremque laudantium, totam rem aperiam, eaque ipsa quae ab illo inventore veritatis et quasi architecto beatae vitae dicta sunt explicabo.

Totam rem aperiam, eaque ipsa quae ab illo inventore veritatis et quasi architecto beatae vitae dicta sunt explicabo. Nemo enim ipsam voluptatem quia voluptas sit aspernatur aut odit aut fugit, sed quia nesciunt.]]></content:encoded>
		<excerpt:encoded><![CDATA[]]></excerpt:encoded>
		<wp:post_id>1886</wp:post_id>
		<wp:post_date>2013-08-22 08:50:43</wp:post_date>
		<wp:post_date_gmt>2013-08-22 08:50:43</wp:post_date_gmt>
		<wp:comment_status>closed</wp:comment_status>
		<wp:ping_status>closed</wp:ping_status>
		<wp:post_name>suscipit-laboriosam</wp:post_name>
		<wp:status>publish</wp:status>
		<wp:post_parent>0</wp:post_parent>
		<wp:menu_order>0</wp:menu_order>
		<wp:post_type>post-portfolio</wp:post_type>
		<wp:post_password></wp:post_password>
		<wp:is_sticky>0</wp:is_sticky>
		<category domain="post_tag" nicename="trip-planner"><![CDATA[Trip Planner]]></category>
		<wp:postmeta>
			<wp:meta_key>venue</wp:meta_key>
			<wp:meta_value><![CDATA[]]></wp:meta_value>
		</wp:postmeta>
		<wp:postmeta>
			<wp:meta_key>start_day</wp:meta_key>
			<wp:meta_value><![CDATA[]]></wp:meta_value>
		</wp:postmeta>
		<wp:postmeta>
			<wp:meta_key>end_day</wp:meta_key>
			<wp:meta_value><![CDATA[]]></wp:meta_value>
		</wp:postmeta>
		<wp:postmeta>
			<wp:meta_key>google_shortcode</wp:meta_key>
			<wp:meta_value><![CDATA[]]></wp:meta_value>
		</wp:postmeta>
		<wp:postmeta>
			<wp:meta_key>_edit_last</wp:meta_key>
			<wp:meta_value><![CDATA[2]]></wp:meta_value>
		</wp:postmeta>
		<wp:postmeta>
			<wp:meta_key>_thumbnail_id</wp:meta_key>
			<wp:meta_value><![CDATA[3105]]></wp:meta_value>
		</wp:postmeta>
		<wp:postmeta>
			<wp:meta_key>_wpb_vc_js_status</wp:meta_key>
			<wp:meta_value><![CDATA[false]]></wp:meta_value>
		</wp:postmeta>
		<wp:postmeta>
			<wp:meta_key>_wpb_vc_js_interface_version</wp:meta_key>
			<wp:meta_value><![CDATA[0]]></wp:meta_value>
		</wp:postmeta>
		<wp:postmeta>
			<wp:meta_key>background</wp:meta_key>
			<wp:meta_value><![CDATA[a:5:{s:16:"background-color";s:0:"";s:17:"background-repeat";s:0:"";s:21:"background-attachment";s:0:"";s:19:"background-position";s:0:"";s:16:"background-image";s:0:"";}]]></wp:meta_value>
		</wp:postmeta>
		<wp:postmeta>
			<wp:meta_key>show_hide_social_porfolio</wp:meta_key>
			<wp:meta_value><![CDATA[def]]></wp:meta_value>
		</wp:postmeta>
	</item>
	<item>
				<title>New To Fitness</title>
		<link>http://demo.cactusthemes.com/gpdark/post-portfolio/voluptatem-sequi-nesciunt/</link>
		<pubDate>Thu, 22 Aug 2013 08:52:09 +0000</pubDate>
		<dc:creator><![CDATA[vantrimaster]]></dc:creator>
		<guid isPermaLink="false">http://demo.cactusthemes.com/gameplan/?post_type=post-portfolio&#038;p=1888</guid>
		<description></description>
		<content:encoded><![CDATA[Nemo enim ipsam voluptatem quia voluptas sit aspernatur aut odit aut fugit, sed quia consequuntur magni dolores eos qui ratione voluptatem sequi nesciunt. Neque porro quisquam est, qui dolorem ipsum quia dolor sit amet.

Sed quia consequuntur magni dolores eos qui ratione voluptatem sequi nesciunt. Neque porro quisquam est, qui dolorem ipsum quia dolor sit amet, consectetur, adipisci velit, sed quia non numquam eius modi tempora incidunt ut labore et dolore magnam aliquam quaerat voluptatem. Ut enim ad minima veniam, quis nostrum exercitationem ullam corporis suscipit laboriosam.]]></content:encoded>
		<excerpt:encoded><![CDATA[]]></excerpt:encoded>
		<wp:post_id>1888</wp:post_id>
		<wp:post_date>2013-08-22 08:52:09</wp:post_date>
		<wp:post_date_gmt>2013-08-22 08:52:09</wp:post_date_gmt>
		<wp:comment_status>closed</wp:comment_status>
		<wp:ping_status>closed</wp:ping_status>
		<wp:post_name>voluptatem-sequi-nesciunt</wp:post_name>
		<wp:status>publish</wp:status>
		<wp:post_parent>0</wp:post_parent>
		<wp:menu_order>0</wp:menu_order>
		<wp:post_type>post-portfolio</wp:post_type>
		<wp:post_password></wp:post_password>
		<wp:is_sticky>0</wp:is_sticky>
		<category domain="post_tag" nicename="sport-games"><![CDATA[Sport Games]]></category>
		<category domain="post_tag" nicename="trip-planner"><![CDATA[Trip Planner]]></category>
		<wp:postmeta>
			<wp:meta_key>venue</wp:meta_key>
			<wp:meta_value><![CDATA[]]></wp:meta_value>
		</wp:postmeta>
		<wp:postmeta>
			<wp:meta_key>start_day</wp:meta_key>
			<wp:meta_value><![CDATA[]]></wp:meta_value>
		</wp:postmeta>
		<wp:postmeta>
			<wp:meta_key>end_day</wp:meta_key>
			<wp:meta_value><![CDATA[]]></wp:meta_value>
		</wp:postmeta>
		<wp:postmeta>
			<wp:meta_key>google_shortcode</wp:meta_key>
			<wp:meta_value><![CDATA[]]></wp:meta_value>
		</wp:postmeta>
		<wp:postmeta>
			<wp:meta_key>_edit_last</wp:meta_key>
			<wp:meta_value><![CDATA[2]]></wp:meta_value>
		</wp:postmeta>
		<wp:postmeta>
			<wp:meta_key>_thumbnail_id</wp:meta_key>
			<wp:meta_value><![CDATA[3106]]></wp:meta_value>
		</wp:postmeta>
		<wp:postmeta>
			<wp:meta_key>_wpb_vc_js_status</wp:meta_key>
			<wp:meta_value><![CDATA[false]]></wp:meta_value>
		</wp:postmeta>
		<wp:postmeta>
			<wp:meta_key>_wpb_vc_js_interface_version</wp:meta_key>
			<wp:meta_value><![CDATA[0]]></wp:meta_value>
		</wp:postmeta>
		<wp:postmeta>
			<wp:meta_key>page_subhead</wp:meta_key>
			<wp:meta_value><![CDATA[Nemo enim ipsam voluptatem]]></wp:meta_value>
		</wp:postmeta>
		<wp:postmeta>
			<wp:meta_key>background</wp:meta_key>
			<wp:meta_value><![CDATA[a:5:{s:16:"background-color";s:0:"";s:17:"background-repeat";s:0:"";s:21:"background-attachment";s:0:"";s:19:"background-position";s:0:"";s:16:"background-image";s:0:"";}]]></wp:meta_value>
		</wp:postmeta>
		<wp:postmeta>
			<wp:meta_key>show_hide_social_porfolio</wp:meta_key>
			<wp:meta_value><![CDATA[def]]></wp:meta_value>
		</wp:postmeta>
	</item>
</channel>
</rss>
