<?xml version="1.0" encoding="UTF-8" ?>
<!-- This is a WordPress eXtended RSS file generated by WordPress as an export of your site. -->
<!-- It contains information about your site's posts, pages, comments, categories, and other content. -->
<!-- You may use this file to transfer that content from one site to another. -->
<!-- This file is not intended to serve as a complete backup of your site. -->

<!-- To import this information into a WordPress site follow these steps: -->
<!-- 1. Log in to that site as an administrator. -->
<!-- 2. Go to Tools: Import in the WordPress admin panel. -->
<!-- 3. Install the "WordPress" importer from the list. -->
<!-- 4. Activate & Run Importer. -->
<!-- 5. Upload this file using the form provided on that page. -->
<!-- 6. You will first be asked to map the authors in this export file to users -->
<!--    on the site. For each author, you may choose to map to an -->
<!--    existing user on the site or to create a new user. -->
<!-- 7. WordPress will then import each of the posts, pages, comments, categories, etc. -->
<!--    contained in this file into your site. -->

<!-- generator="WordPress/4.0" created="2014-09-12 10:31" -->
<rss version="2.0"
	xmlns:excerpt="http://wordpress.org/export/1.2/excerpt/"
	xmlns:content="http://purl.org/rss/1.0/modules/content/"
	xmlns:wfw="http://wellformedweb.org/CommentAPI/"
	xmlns:dc="http://purl.org/dc/elements/1.1/"
	xmlns:wp="http://wordpress.org/export/1.2/"
>

<channel>
	<title>GamePlan - Responsive Wordpress Theme</title>
	<link>http://demo.cactusthemes.com/gpdark</link>
	<description>Just another WordPress site</description>
	<pubDate>Fri, 12 Sep 2014 10:31:28 +0000</pubDate>
	<language>en-US</language>
	<wp:wxr_version>1.2</wp:wxr_version>
	<wp:base_site_url>http://demo.cactusthemes.com/gpdark</wp:base_site_url>
	<wp:base_blog_url>http://demo.cactusthemes.com/gpdark</wp:base_blog_url>

	<wp:author><wp:author_id>9</wp:author_id><wp:author_login>cactusthemes</wp:author_login><wp:author_email>admin@cactusthemes.com</wp:author_email><wp:author_display_name><![CDATA[cactusthemes]]></wp:author_display_name><wp:author_first_name><![CDATA[Ha]]></wp:author_first_name><wp:author_last_name><![CDATA[Doan]]></wp:author_last_name></wp:author>
	<wp:author><wp:author_id>2</wp:author_id><wp:author_login>vantrimaster</wp:author_login><wp:author_email>tri.nv@goimon.vn</wp:author_email><wp:author_display_name><![CDATA[Tony Brosnan]]></wp:author_display_name><wp:author_first_name><![CDATA[Tri]]></wp:author_first_name><wp:author_last_name><![CDATA[Nguyen]]></wp:author_last_name></wp:author>


	<generator>http://wordpress.org/?v=4.0</generator>

	<item>
				<title>Ethan Fox</title>
		<link>http://demo.cactusthemes.com/gpdark/member/jane-doe/</link>
		<pubDate>Mon, 29 Jul 2013 09:42:29 +0000</pubDate>
		<dc:creator><![CDATA[cactusthemes]]></dc:creator>
		<guid isPermaLink="false">http://192.168.1.44:8086/server/wp-gameplan/?post_type=member&#038;p=395</guid>
		<description></description>
		<content:encoded><![CDATA[Lorem ipsum dolor sit amet, consectetur adipisicing elit, sed do eiusmod tempor incididunt ut labore et dolore magna aliqua. Ut enim ad minim veniam, quis nostrud exercitation ullamco laboris nisi ut aliquip ex ea commodo consequat.]]></content:encoded>
		<excerpt:encoded><![CDATA[]]></excerpt:encoded>
		<wp:post_id>395</wp:post_id>
		<wp:post_date>2013-07-29 09:42:29</wp:post_date>
		<wp:post_date_gmt>2013-07-29 09:42:29</wp:post_date_gmt>
		<wp:comment_status>closed</wp:comment_status>
		<wp:ping_status>closed</wp:ping_status>
		<wp:post_name>jane-doe</wp:post_name>
		<wp:status>publish</wp:status>
		<wp:post_parent>0</wp:post_parent>
		<wp:menu_order>0</wp:menu_order>
		<wp:post_type>member</wp:post_type>
		<wp:post_password></wp:post_password>
		<wp:is_sticky>0</wp:is_sticky>
		<wp:postmeta>
			<wp:meta_key>venue</wp:meta_key>
			<wp:meta_value><![CDATA[]]></wp:meta_value>
		</wp:postmeta>
		<wp:postmeta>
			<wp:meta_key>start_day</wp:meta_key>
			<wp:meta_value><![CDATA[]]></wp:meta_value>
		</wp:postmeta>
		<wp:postmeta>
			<wp:meta_key>end_day</wp:meta_key>
			<wp:meta_value><![CDATA[]]></wp:meta_value>
		</wp:postmeta>
		<wp:postmeta>
			<wp:meta_key>venue</wp:meta_key>
			<wp:meta_value><![CDATA[]]></wp:meta_value>
		</wp:postmeta>
		<wp:postmeta>
			<wp:meta_key>start_day</wp:meta_key>
			<wp:meta_value><![CDATA[]]></wp:meta_value>
		</wp:postmeta>
		<wp:postmeta>
			<wp:meta_key>end_day</wp:meta_key>
			<wp:meta_value><![CDATA[]]></wp:meta_value>
		</wp:postmeta>
		<wp:postmeta>
			<wp:meta_key>_edit_last</wp:meta_key>
			<wp:meta_value><![CDATA[2]]></wp:meta_value>
		</wp:postmeta>
		<wp:postmeta>
			<wp:meta_key>_thumbnail_id</wp:meta_key>
			<wp:meta_value><![CDATA[2053]]></wp:meta_value>
		</wp:postmeta>
		<wp:postmeta>
			<wp:meta_key>position</wp:meta_key>
			<wp:meta_value><![CDATA[Professional Trainer]]></wp:meta_value>
		</wp:postmeta>
		<wp:postmeta>
			<wp:meta_key>company</wp:meta_key>
			<wp:meta_value><![CDATA[Future Gym]]></wp:meta_value>
		</wp:postmeta>
		<wp:postmeta>
			<wp:meta_key>facebook</wp:meta_key>
			<wp:meta_value><![CDATA[#]]></wp:meta_value>
		</wp:postmeta>
		<wp:postmeta>
			<wp:meta_key>google+</wp:meta_key>
			<wp:meta_value><![CDATA[#]]></wp:meta_value>
		</wp:postmeta>
		<wp:postmeta>
			<wp:meta_key>linkedIn</wp:meta_key>
			<wp:meta_value><![CDATA[#]]></wp:meta_value>
		</wp:postmeta>
		<wp:postmeta>
			<wp:meta_key>google_shortcode</wp:meta_key>
			<wp:meta_value><![CDATA[]]></wp:meta_value>
		</wp:postmeta>
	</item>
	<item>
				<title>Jacob Woody</title>
		<link>http://demo.cactusthemes.com/gpdark/member/jacob-woody/</link>
		<pubDate>Mon, 26 Aug 2013 14:29:34 +0000</pubDate>
		<dc:creator><![CDATA[vantrimaster]]></dc:creator>
		<guid isPermaLink="false">http://demo.cactusthemes.com/gameplan/?post_type=member&#038;p=2054</guid>
		<description></description>
		<content:encoded><![CDATA[Duis aute irure dolor in reprehenderit in voluptate velit esse cillum dolore eu fugiat nulla pariatur. Excepteur sint occaecat cupidatat non proident, sunt in culpa qui officia deserunt mollit anim id est laborum.]]></content:encoded>
		<excerpt:encoded><![CDATA[]]></excerpt:encoded>
		<wp:post_id>2054</wp:post_id>
		<wp:post_date>2013-08-26 14:29:34</wp:post_date>
		<wp:post_date_gmt>2013-08-26 14:29:34</wp:post_date_gmt>
		<wp:comment_status>closed</wp:comment_status>
		<wp:ping_status>closed</wp:ping_status>
		<wp:post_name>jacob-woody</wp:post_name>
		<wp:status>publish</wp:status>
		<wp:post_parent>0</wp:post_parent>
		<wp:menu_order>0</wp:menu_order>
		<wp:post_type>member</wp:post_type>
		<wp:post_password></wp:post_password>
		<wp:is_sticky>0</wp:is_sticky>
		<wp:postmeta>
			<wp:meta_key>_edit_last</wp:meta_key>
			<wp:meta_value><![CDATA[2]]></wp:meta_value>
		</wp:postmeta>
		<wp:postmeta>
			<wp:meta_key>google_shortcode</wp:meta_key>
			<wp:meta_value><![CDATA[]]></wp:meta_value>
		</wp:postmeta>
		<wp:postmeta>
			<wp:meta_key>end_day</wp:meta_key>
			<wp:meta_value><![CDATA[]]></wp:meta_value>
		</wp:postmeta>
		<wp:postmeta>
			<wp:meta_key>start_day</wp:meta_key>
			<wp:meta_value><![CDATA[]]></wp:meta_value>
		</wp:postmeta>
		<wp:postmeta>
			<wp:meta_key>venue</wp:meta_key>
			<wp:meta_value><![CDATA[]]></wp:meta_value>
		</wp:postmeta>
		<wp:postmeta>
			<wp:meta_key>_thumbnail_id</wp:meta_key>
			<wp:meta_value><![CDATA[2051]]></wp:meta_value>
		</wp:postmeta>
		<wp:postmeta>
			<wp:meta_key>position</wp:meta_key>
			<wp:meta_value><![CDATA[Cardio Trainer]]></wp:meta_value>
		</wp:postmeta>
		<wp:postmeta>
			<wp:meta_key>company</wp:meta_key>
			<wp:meta_value><![CDATA[Future Gym]]></wp:meta_value>
		</wp:postmeta>
		<wp:postmeta>
			<wp:meta_key>flickr</wp:meta_key>
			<wp:meta_value><![CDATA[#]]></wp:meta_value>
		</wp:postmeta>
		<wp:postmeta>
			<wp:meta_key>instagram</wp:meta_key>
			<wp:meta_value><![CDATA[#]]></wp:meta_value>
		</wp:postmeta>
		<wp:postmeta>
			<wp:meta_key>linkedIn</wp:meta_key>
			<wp:meta_value><![CDATA[#]]></wp:meta_value>
		</wp:postmeta>
	</item>
	<item>
				<title>Ryan Mathew</title>
		<link>http://demo.cactusthemes.com/gpdark/member/ryan-mathew/</link>
		<pubDate>Mon, 26 Aug 2013 14:31:05 +0000</pubDate>
		<dc:creator><![CDATA[vantrimaster]]></dc:creator>
		<guid isPermaLink="false">http://demo.cactusthemes.com/gameplan/?post_type=member&#038;p=2055</guid>
		<description></description>
		<content:encoded><![CDATA[Sed ut perspiciatis unde omnis iste natus error sit voluptatem accusantium doloremque laudantium, totam rem aperiam, eaque ipsa quae ab illo inventore veritatis et quasi architecto.]]></content:encoded>
		<excerpt:encoded><![CDATA[]]></excerpt:encoded>
		<wp:post_id>2055</wp:post_id>
		<wp:post_date>2013-08-26 14:31:05</wp:post_date>
		<wp:post_date_gmt>2013-08-26 14:31:05</wp:post_date_gmt>
		<wp:comment_status>closed</wp:comment_status>
		<wp:ping_status>closed</wp:ping_status>
		<wp:post_name>ryan-mathew</wp:post_name>
		<wp:status>publish</wp:status>
		<wp:post_parent>0</wp:post_parent>
		<wp:menu_order>0</wp:menu_order>
		<wp:post_type>member</wp:post_type>
		<wp:post_password></wp:post_password>
		<wp:is_sticky>0</wp:is_sticky>
		<wp:postmeta>
			<wp:meta_key>venue</wp:meta_key>
			<wp:meta_value><![CDATA[]]></wp:meta_value>
		</wp:postmeta>
		<wp:postmeta>
			<wp:meta_key>start_day</wp:meta_key>
			<wp:meta_value><![CDATA[]]></wp:meta_value>
		</wp:postmeta>
		<wp:postmeta>
			<wp:meta_key>end_day</wp:meta_key>
			<wp:meta_value><![CDATA[]]></wp:meta_value>
		</wp:postmeta>
		<wp:postmeta>
			<wp:meta_key>google_shortcode</wp:meta_key>
			<wp:meta_value><![CDATA[]]></wp:meta_value>
		</wp:postmeta>
		<wp:postmeta>
			<wp:meta_key>_edit_last</wp:meta_key>
			<wp:meta_value><![CDATA[2]]></wp:meta_value>
		</wp:postmeta>
		<wp:postmeta>
			<wp:meta_key>_thumbnail_id</wp:meta_key>
			<wp:meta_value><![CDATA[2050]]></wp:meta_value>
		</wp:postmeta>
		<wp:postmeta>
			<wp:meta_key>position</wp:meta_key>
			<wp:meta_value><![CDATA[Bodybuilding]]></wp:meta_value>
		</wp:postmeta>
		<wp:postmeta>
			<wp:meta_key>company</wp:meta_key>
			<wp:meta_value><![CDATA[Freelancer]]></wp:meta_value>
		</wp:postmeta>
		<wp:postmeta>
			<wp:meta_key>facebook</wp:meta_key>
			<wp:meta_value><![CDATA[#]]></wp:meta_value>
		</wp:postmeta>
		<wp:postmeta>
			<wp:meta_key>flickr</wp:meta_key>
			<wp:meta_value><![CDATA[#]]></wp:meta_value>
		</wp:postmeta>
		<wp:postmeta>
			<wp:meta_key>instagram</wp:meta_key>
			<wp:meta_value><![CDATA[#]]></wp:meta_value>
		</wp:postmeta>
	</item>
	<item>
				<title>Christopher Parker</title>
		<link>http://demo.cactusthemes.com/gpdark/member/christopher-parker/</link>
		<pubDate>Mon, 26 Aug 2013 14:32:20 +0000</pubDate>
		<dc:creator><![CDATA[vantrimaster]]></dc:creator>
		<guid isPermaLink="false">http://demo.cactusthemes.com/gameplan/?post_type=member&#038;p=2056</guid>
		<description></description>
		<content:encoded><![CDATA[Nemo enim ipsam voluptatem quia voluptas sit aspernatur aut odit aut fugit, sed quia consequuntur magni dolores eos qui ratione voluptatem sequi nesciunt.]]></content:encoded>
		<excerpt:encoded><![CDATA[]]></excerpt:encoded>
		<wp:post_id>2056</wp:post_id>
		<wp:post_date>2013-08-26 14:32:20</wp:post_date>
		<wp:post_date_gmt>2013-08-26 14:32:20</wp:post_date_gmt>
		<wp:comment_status>closed</wp:comment_status>
		<wp:ping_status>closed</wp:ping_status>
		<wp:post_name>christopher-parker</wp:post_name>
		<wp:status>publish</wp:status>
		<wp:post_parent>0</wp:post_parent>
		<wp:menu_order>0</wp:menu_order>
		<wp:post_type>member</wp:post_type>
		<wp:post_password></wp:post_password>
		<wp:is_sticky>0</wp:is_sticky>
		<wp:postmeta>
			<wp:meta_key>venue</wp:meta_key>
			<wp:meta_value><![CDATA[]]></wp:meta_value>
		</wp:postmeta>
		<wp:postmeta>
			<wp:meta_key>start_day</wp:meta_key>
			<wp:meta_value><![CDATA[]]></wp:meta_value>
		</wp:postmeta>
		<wp:postmeta>
			<wp:meta_key>end_day</wp:meta_key>
			<wp:meta_value><![CDATA[]]></wp:meta_value>
		</wp:postmeta>
		<wp:postmeta>
			<wp:meta_key>google_shortcode</wp:meta_key>
			<wp:meta_value><![CDATA[]]></wp:meta_value>
		</wp:postmeta>
		<wp:postmeta>
			<wp:meta_key>_edit_last</wp:meta_key>
			<wp:meta_value><![CDATA[2]]></wp:meta_value>
		</wp:postmeta>
		<wp:postmeta>
			<wp:meta_key>_thumbnail_id</wp:meta_key>
			<wp:meta_value><![CDATA[2049]]></wp:meta_value>
		</wp:postmeta>
		<wp:postmeta>
			<wp:meta_key>position</wp:meta_key>
			<wp:meta_value><![CDATA[Boxing Athlete]]></wp:meta_value>
		</wp:postmeta>
		<wp:postmeta>
			<wp:meta_key>company</wp:meta_key>
			<wp:meta_value><![CDATA[Freelancer]]></wp:meta_value>
		</wp:postmeta>
		<wp:postmeta>
			<wp:meta_key>facebook</wp:meta_key>
			<wp:meta_value><![CDATA[#]]></wp:meta_value>
		</wp:postmeta>
		<wp:postmeta>
			<wp:meta_key>flickr</wp:meta_key>
			<wp:meta_value><![CDATA[#]]></wp:meta_value>
		</wp:postmeta>
		<wp:postmeta>
			<wp:meta_key>instagram</wp:meta_key>
			<wp:meta_value><![CDATA[#]]></wp:meta_value>
		</wp:postmeta>
	</item>
	<item>
				<title>Hannah Underwood</title>
		<link>http://demo.cactusthemes.com/gpdark/member/hannah-underwood/</link>
		<pubDate>Mon, 26 Aug 2013 14:33:35 +0000</pubDate>
		<dc:creator><![CDATA[vantrimaster]]></dc:creator>
		<guid isPermaLink="false">http://demo.cactusthemes.com/gameplan/?post_type=member&#038;p=2057</guid>
		<description></description>
		<content:encoded><![CDATA[Neque porro quisquam est, qui dolorem ipsum quia dolor sit amet, consectetur, adipisci velit, sed quia non numquam eius modi tempora incidunt ut labore et dolore magnam aliquam quaerat voluptatem.]]></content:encoded>
		<excerpt:encoded><![CDATA[]]></excerpt:encoded>
		<wp:post_id>2057</wp:post_id>
		<wp:post_date>2013-08-26 14:33:35</wp:post_date>
		<wp:post_date_gmt>2013-08-26 14:33:35</wp:post_date_gmt>
		<wp:comment_status>closed</wp:comment_status>
		<wp:ping_status>closed</wp:ping_status>
		<wp:post_name>hannah-underwood</wp:post_name>
		<wp:status>publish</wp:status>
		<wp:post_parent>0</wp:post_parent>
		<wp:menu_order>0</wp:menu_order>
		<wp:post_type>member</wp:post_type>
		<wp:post_password></wp:post_password>
		<wp:is_sticky>0</wp:is_sticky>
		<wp:postmeta>
			<wp:meta_key>venue</wp:meta_key>
			<wp:meta_value><![CDATA[]]></wp:meta_value>
		</wp:postmeta>
		<wp:postmeta>
			<wp:meta_key>start_day</wp:meta_key>
			<wp:meta_value><![CDATA[]]></wp:meta_value>
		</wp:postmeta>
		<wp:postmeta>
			<wp:meta_key>end_day</wp:meta_key>
			<wp:meta_value><![CDATA[]]></wp:meta_value>
		</wp:postmeta>
		<wp:postmeta>
			<wp:meta_key>google_shortcode</wp:meta_key>
			<wp:meta_value><![CDATA[]]></wp:meta_value>
		</wp:postmeta>
		<wp:postmeta>
			<wp:meta_key>_edit_last</wp:meta_key>
			<wp:meta_value><![CDATA[2]]></wp:meta_value>
		</wp:postmeta>
		<wp:postmeta>
			<wp:meta_key>_thumbnail_id</wp:meta_key>
			<wp:meta_value><![CDATA[2052]]></wp:meta_value>
		</wp:postmeta>
		<wp:postmeta>
			<wp:meta_key>position</wp:meta_key>
			<wp:meta_value><![CDATA[Yoga Trainer]]></wp:meta_value>
		</wp:postmeta>
		<wp:postmeta>
			<wp:meta_key>company</wp:meta_key>
			<wp:meta_value><![CDATA[Future Gym]]></wp:meta_value>
		</wp:postmeta>
		<wp:postmeta>
			<wp:meta_key>flickr</wp:meta_key>
			<wp:meta_value><![CDATA[#]]></wp:meta_value>
		</wp:postmeta>
		<wp:postmeta>
			<wp:meta_key>google+</wp:meta_key>
			<wp:meta_value><![CDATA[#]]></wp:meta_value>
		</wp:postmeta>
		<wp:postmeta>
			<wp:meta_key>linkedIn</wp:meta_key>
			<wp:meta_value><![CDATA[#]]></wp:meta_value>
		</wp:postmeta>
	</item>
</channel>
</rss>
