[{"wp_inactive_widgets":["search-3","recent-posts-7","nav_menu-3","nav_menu-5","advanced-event-recent-posts-7","recent-comments-4","advanced-event-recent-posts-2","text-3"],"cs-home-next-games":["advanced-event-recent-posts-5"],"cs-home-latest-news":["advanced-recent-posts-5"],"cs-up-comings-events":["advanced-event-recent-posts-6"],"main_sidebar":["categories-3","recent-comments-3","tag_cloud-2"],"top_menu":["text-5"],"search":["search-2"],"single_blog_sidebar":["categories-5","tag_cloud-5","advanced-recent-posts-4","recent-comments-6","black-studio-tinymce-4"],"single_event_sidebar":["advanced-event-recent-posts-4","black-studio-tinymce-8","black-studio-tinymce-9","black-studio-tinymce-10"],"blog_sidebar":["categories-4","tag_cloud-4","advanced-recent-posts-3","recent-comments-5","black-studio-tinymce-3"],"search_sidebar":["categories-2"],"body_bottom":["text-2","tag_cloud-3","text-4","quick-flickr-widget-2"]},{"":{"ction":null,"_multiwidget":null,"wpnonce":null,"wp_http_referer":null},"advanced-event-recent-posts":{"5":{"title":"","ids":"","sort_by":"date","show_type":"","number":3,"perpage":3,"thumb":"","date":"on","content":"on","address":"on","thumb_w":0,"thumb_h":0},"6":{"title":"","ids":"","sort_by":"date","show_type":"","number":8,"perpage":4,"thumb":"","date":"on","content":"","address":"on","thumb_w":0,"thumb_h":0},"4":{"title":"Lastest Events","ids":"","sort_by":"date","show_type":"","number":6,"perpage":2,"thumb":"","date":"on","content":"","address":"on","thumb_w":0,"thumb_h":0},"7":{"title":"Event","ids":"","sort_by":"date","show_type":"","number":5,"perpage":2,"thumb":"","date":"","content":"","address":"","thumb_w":0,"thumb_h":0},"2":{"title":"Other Events","ids":"","sort_by":"date","show_type":"","number":5,"perpage":2,"thumb":"","date":"","address":"","thumb_w":0,"thumb_h":0,"content":"on"},"_multiwidget":1},"advanced-recent-posts":{"5":{"title":"","ids":"","cats":null,"sort_by":"date","show_type":"post","asc_sort_order":"","number":4,"perpage":2,"thumb":"on","date":"on","comment_num":"on","thumb_w":120,"thumb_h":100},"4":{"title":"Recent Posts","ids":"","cats":null,"sort_by":"date","show_type":"post","asc_sort_order":"","number":6,"perpage":2,"thumb":"on","date":"on","comment_num":"on","thumb_w":50,"thumb_h":50},"3":{"title":"Recent Posts","ids":"","cats":null,"sort_by":"date","show_type":"post","asc_sort_order":"","number":6,"perpage":2,"thumb":"on","date":"on","comment_num":"on","thumb_w":50,"thumb_h":50},"_multiwidget":1},"categories":{"3":{"title":"Categories","count":1,"hierarchical":1,"dropdown":0},"5":{"title":"","count":0,"hierarchical":0,"dropdown":0},"4":{"title":"","count":0,"hierarchical":0,"dropdown":0},"2":{"title":"Categories","count":0,"hierarchical":0,"dropdown":0},"_multiwidget":1},"recent-comments":{"3":{"title":"Latest Comments","number":5},"6":{"title":"","number":5},"5":{"title":"","number":5},"4":{"title":"Latest Comments","number":5},"_multiwidget":1},"tag_cloud":{"2":{"title":"Tag Cloud","taxonomy":"post_tag"},"5":{"title":"","taxonomy":"post_tag"},"4":{"title":"","taxonomy":"post_tag"},"3":{"title":"Tags Cloud","taxonomy":"post_tag"},"_multiwidget":1},"text":{"5":{"title":"","text":"<i class=\"icon-phone\"><\/i>  (+84) 90 4 966 111 | <a href=\"#\">Call us now!<\/a>","filter":false},"2":{"title":"About Us","text":"<p>Lorem ipsum dolor sit amet, consectetur adipisicing elit, sed do eiusmod tempor incididunt ut labore et dolore magna aliqua.<\/p>\r\n<p>Ut enim ad minim veniam quis nostrud exercitation ullamco lorem ipsum dolor sit amet et iusto odio dignissimos ducimus qui.<\/p>","filter":false},"4":{"title":"Contact Info","text":"<p>Lorem ipsum dolor sit amet, consectetur adipisicing labore et dolore magna aliqua labore et dolore magna aliqua.<\/p>\r\n<i class=\"icon-phone\"><\/i>  Phone:\u00a0\u00a0\u00a0\u00a0001 9876 54321\r\n<i class=\"icon-envelope\"><\/i>  Email:\u00a0\u00a0\u00a0\u00a0\u00a0info@example.com\r\n<i class=\"icon-map-marker\"><\/i>  Address: 123 Main Street, Chicago, IL 60654","filter":true},"3":{"title":"Email Subscribe","text":"[contact-form-7 id=\"1858\" title=\"Subscribe Form\"]","filter":false},"_multiwidget":1},"search":{"2":{"title":""},"3":{"title":""},"_multiwidget":1},"black-studio-tinymce":{"4":{"title":"Accordion","text":"<p>[vc_accordion type=\"Accordion\"][vc_accordion_tab title=\"Sed ut perspiciatis natus.\"][vc_column_text]<\/p>\r\n<p>Nemo enim ipsam voluptatem quia voluptas sit aspernatur aut odit aut fugit, sed quia consequuntur magni dolores eos qui ratione voluptatem sequi nesciunt. Neque porro quisquam est, qui dolorem ipsum quia dolor sit amet, consectetur, adipisci velit, sed quia non numquam eius modi tempora incidunt ut labore et dolore magnam aliquam quaerat voluptatem.<\/p>\r\n<p>[\/vc_column_text][\/vc_accordion_tab][vc_accordion_tab title=\"Nemo enim ipsam \"][vc_column_text]<\/p>\r\n<p>Neque porro quisquam est, qui dolorem ipsum quia dolor sit amet, consectetur, adipisci velit, sed quia non numquam eius modi tempora incidunt ut labore et dolore magnam aliquam quaerat voluptatem. Ut enim ad minima veniam, quis nostrum exercitationem ullam corporis suscipit laboriosam, nisi ut aliquid ex ea commodi consequatur.<\/p>\r\n<p>[\/vc_column_text][\/vc_accordion_tab][vc_accordion_tab title=\"Nam libero tempore est.\"][vc_column_text]<\/p>\r\n<p>At vero eos et accusamus et iusto odio dignissimos ducimus qui blanditiis praesentium voluptatum deleniti atque corrupti quos dolores et quas molestias excepturi sint occaecati cupiditate non provident, similique sunt in culpa qui officia deserunt mollitia animi, id est laborum et dolorum fuga. Et harum quidem rerum facilis est et expedita distinctio.<\/p>\r\n<p>[\/vc_column_text][\/vc_accordion_tab][\/vc_accordion]<\/p>","type":"visual"},"8":{"title":"Carousel","text":"[carousel name='Carousel']<br class=\"nc\" \/>[carousel_item title=\" Carousel title 1\" width=\"270\"]\r\n<p><img src=\"http:\/\/demo.cactusthemes.com\/gameplan\/wp-content\/uploads\/2013\/07\/event-4-360x240.jpg\"><\/p>\r\n[\/carousel_item]<br class=\"nc\" \/>[carousel_item title=\" Carousel title 2\" width=\"270\"]\r\n<p><img src=\"http:\/\/demo.cactusthemes.com\/gameplan\/wp-content\/uploads\/2013\/08\/event-6-360x240.jpg\"><\/p>\r\n[\/carousel_item]<br class=\"nc\" \/>[\/carousel]","type":"html"},"9":{"title":"Testimonials","text":"<p>[testimonial el_position=\"first last\"][testimonial_item name=\"James Franco\" position=\"CEO\" company=\"NetCom Company\"] Sed ut perspiciatis unde omnis iste natus error sit voluptatem accusantium doloremque laudantium, totam rem aperiam, eaque ipsa quae ab illo sed. [\/testimonial_item][testimonial_item name=\"Maria Stanley\" position=\"Head Of Purchasing\" company=\"NEXT\"] Emporibus autem quibusdam et aut officiis debitis aut rerum necessitatibus saepe eveniet ut et voluptates repudiandae\u00a0sint et molestiae non recusandae. [\/testimonial_item][\/testimonial]<\/p>","type":"visual"},"10":{"title":"Accordions","text":"<p>[vc_accordion type=\"Accordion\"][vc_accordion_tab title=\"Sed ut perspiciatis natus.\"][vc_column_text]Nemo enim ipsam voluptatem quia voluptas sit aspernatur aut odit aut fugit, sed quia consequuntur magni dolores eos qui ratione voluptatem sequi nesciunt. Neque porro quisquam est, qui dolorem ipsum quia dolor sit amet, consectetur, adipisci velit, sed quia non numquam eius modi tempora incidunt ut labore et dolore magnam aliquam quaerat voluptatem.[\/vc_column_text][\/vc_accordion_tab][vc_accordion_tab title=\"Nemo enim ipsam \"][vc_column_text]Neque porro quisquam est, qui dolorem ipsum quia dolor sit amet, consectetur, adipisci velit, sed quia non numquam eius modi tempora incidunt ut labore et dolore magnam aliquam quaerat voluptatem. Ut enim ad minima veniam, quis nostrum exercitationem ullam corporis suscipit laboriosam, nisi ut aliquid ex ea commodi consequatur.[\/vc_column_text][\/vc_accordion_tab][vc_accordion_tab title=\"Nam libero tempore est.\"][vc_column_text]At vero eos et accusamus et iusto odio dignissimos ducimus qui blanditiis praesentium voluptatum deleniti atque corrupti quos dolores et quas molestias excepturi sint occaecati cupiditate non provident, similique sunt in culpa qui officia deserunt mollitia animi, id est laborum et dolorum fuga. Et harum quidem rerum facilis est et expedita distinctio.[\/vc_column_text][\/vc_accordion_tab][\/vc_accordion]<\/p>","type":"visual"},"3":{"title":"Accordion","text":"<p>[vc_accordion type=\"Accordion\"][vc_accordion_tab title=\"Sed ut perspiciatis natus.\"][vc_column_text]<\/p>\r\n<p>Nemo enim ipsam voluptatem quia voluptas sit aspernatur aut odit aut fugit, sed quia consequuntur magni dolores eos qui ratione voluptatem sequi nesciunt. Neque porro quisquam est, qui dolorem ipsum quia dolor sit amet, consectetur, adipisci velit, sed quia non numquam eius modi tempora incidunt ut labore et dolore magnam aliquam quaerat voluptatem.<\/p>\r\n<p>[\/vc_column_text][\/vc_accordion_tab][vc_accordion_tab title=\"Nemo enim ipsam \"][vc_column_text]<\/p>\r\n<p>Neque porro quisquam est, qui dolorem ipsum quia dolor sit amet, consectetur, adipisci velit, sed quia non numquam eius modi tempora incidunt ut labore et dolore magnam aliquam quaerat voluptatem. Ut enim ad minima veniam, quis nostrum exercitationem ullam corporis suscipit laboriosam, nisi ut aliquid ex ea commodi consequatur.<\/p>\r\n<p>[\/vc_column_text][\/vc_accordion_tab][vc_accordion_tab title=\"Nam libero tempore est.\"][vc_column_text]<\/p>\r\n<p>At vero eos et accusamus et iusto odio dignissimos ducimus qui blanditiis praesentium voluptatum deleniti atque corrupti quos dolores et quas molestias excepturi sint occaecati cupiditate non provident, similique sunt in culpa qui officia deserunt mollitia animi, id est laborum et dolorum fuga. Et harum quidem rerum facilis est et expedita distinctio.<\/p>\r\n<p>[\/vc_column_text][\/vc_accordion_tab][\/vc_accordion]<\/p>","type":"visual"},"_multiwidget":1},"quick-flickr-widget":{"2":{"title":"Flickr","username":"envato","tags":"","count":"6"},"_multiwidget":1},"recent-posts":{"7":{"title":"Recent Posts","number":5,"show_date":false},"_multiwidget":1},"nav_menu":{"3":{"title":"Shortcodes","nav_menu":203},"5":{"title":"Feature List","nav_menu":204},"_multiwidget":1}}]